R0,9.582979,-44.152005
R1,7.782131,-43.490090
R2,9.257058,-44.408674
R3,7.871250,-44.519100
R4,7.987184,-43.453414
R5,7.542791,-43.732783
R6,8.034714,-44.579559
R7,7.922204,-44.265840
R8,7.542258,-44.117458
R9,8.688861,-43.175320
R10,8.075869,-43.318930
R11,9.788846,-43.161104
R12,9.429210,-44.111319
R13,8.732650,-43.222903
R14,7.921673,-42.941294
R15,7.965080,-43.803879
R16,8.674184,-43.461617
R17,9.072656,-43.449339
R18,7.738489,-43.841632
R19,9.843153,-43.540425
R20,9.823102,-44.301472
R21,7.615436,-42.919609
R22,9.467902,-43.327361
R23,8.675652,-43.098315
R24,7.730606,-43.761543
R25,8.609191,-43.976137
R26,7.572647,-43.060850
R27,9.287544,-44.087220
R28,9.329496,-44.291031
R29,9.723997,-44.228657
R30,9.882131,-44.190804
R31,8.908818,-43.115745
R32,7.532640,-44.402614
R33,9.653454,-43.502435
R34,7.863747,-44.385264
R35,9.039187,-43.162065
R36,9.439572,-42.906848
R37,8.116828,-42.977005
R38,7.909211,-43.958218
R39,8.013852,-43.953418
R40,8.473199,-44.450969
R41,8.387550,-43.370552
R42,8.365800,-43.832729
R43,8.394600,-44.568198
R44,9.389646,-43.062255
R45,8.315016,-42.925991
R46,9.074672,-43.523034
R47,9.533926,-43.913524
R48,8.378278,-43.402981
R49,8.838435,-43.163156
R50,9.459706,-44.279661
R51,9.745723,-44.482841
R52,9.414923,-43.841220
R53,8.724316,-43.430866
R54,7.652098,-44.357575
R55,9.635367,-43.835380
R56,7.770496,-44.378149
R57,9.910681,-43.476666
R58,8.044268,-44.278603
R59,9.027228,-43.572137
R60,9.402235,-44.448601
R61,9.235408,-43.178990
R62,8.006227,-44.222531
R63,9.680283,-44.076058
R64,8.081149,-44.470421
R65,7.833974,-44.063143
R66,8.196025,-43.922471
R67,9.118158,-44.199051
R68,7.991857,-43.878949
R69,9.456968,-43.278622
R70,9.359766,-43.158881
R71,8.345985,-43.515359
R72,8.890723,-43.428095
R73,7.603435,-44.322328
R74,8.863279,-44.368582
R75,8.489259,-43.630769
R76,9.691342,-43.437678
R77,9.879205,-43.812639
R78,9.496535,-44.170866
R79,8.269287,-43.454843
R80,7.970971,-43.620472
R81,7.587017,-43.209298
R82,9.773618,-44.551557
R83,7.838266,-43.905652
R84,8.609975,-44.596569
R85,9.820756,-44.205507
R86,8.452103,-43.712117
R87,7.746976,-44.531198
R88,8.368533,-44.519841
R89,8.318946,-43.641558
R90,8.750910,-42.933839
R91,9.534735,-43.659798
R92,8.303424,-44.440566
R93,8.166642,-43.780401
R94,9.871849,-43.573658
R95,8.620875,-43.702620
R96,8.234212,-43.345643
R97,9.900895,-43.629963
R98,8.143013,-42.934331
R99,9.494539,-43.221937
R100,9.318480,-43.697845
R101,7.905967,-42.961347
R102,7.658533,-43.012246
R103,7.841847,-43.893573
R104,8.691248,-42.953680
R105,9.872266,-44.349097
R106,8.153106,-43.589994
R107,8.526398,-43.903024
R108,8.380118,-43.454405
R109,8.372471,-44.447768
R110,8.721206,-43.871269
R111,9.749614,-43.357979
R112,7.535573,-43.690343
R113,8.545804,-43.763690
R114,9.137236,-43.384860
R115,8.474936,-43.451453
R116,9.326540,-43.757812
R117,9.832721,-43.954957
R118,9.620503,-44.022579
R119,8.248203,-44.371142
R120,9.912627,-44.477969
R121,9.778431,-43.732108
R122,8.669088,-43.970079
R123,8.571051,-43.264624
R124,7.951657,-44.140079
R125,8.699431,-43.761247
R126,7.843554,-43.039478
R127,9.411036,-43.432679
R128,7.784244,-43.086607
R129,8.387624,-43.229420
R130,9.745297,-44.328873
R131,9.542054,-43.652578
R132,9.114653,-44.434943
R133,7.567706,-44.099967
R134,7.720764,-44.007278
R135,7.696357,-44.568621
R136,8.549171,-43.206095
R137,9.022716,-43.981538
R138,9.384785,-44.036847
R139,9.136104,-43.733711
R140,8.706670,-43.855209
R141,8.072802,-44.178697
R142,9.847354,-44.435709
R143,8.648940,-43.401815
R144,7.955601,-43.780167
R145,9.621414,-43.834163
R146,9.313036,-43.797808
R147,9.918546,-44.533578
R148,8.362881,-44.045849
R149,9.329305,-43.183502
R150,9.743349,-43.248566
R151,9.176134,-43.809528
R152,7.812317,-43.586633
R153,7.646018,-44.425680
R154,9.355236,-43.993239
R155,8.724737,-43.414560
R156,8.381651,-43.655491
R157,8.973563,-44.598242
R158,8.084760,-43.129286
R159,9.680423,-44.231882
R160,8.707585,-42.920653
R161,9.415954,-44.374418
R162,9.766754,-44.208139
R163,9.418271,-43.786917
R164,7.872526,-43.097449
R165,7.900067,-42.980064
R166,7.796772,-44.493317
R167,7.626479,-43.960840
R168,7.865031,-42.928446
R169,9.579234,-44.585736
R170,9.164884,-44.014641
R171,8.320137,-44.505556
R172,9.038887,-43.762635
R173,8.151199,-43.571367
R174,7.905968,-44.524159
R175,8.222687,-43.946127
R176,7.590295,-43.649750
R177,7.947843,-42.938831
R178,7.620691,-44.464362
R179,9.402105,-44.228809
R180,7.697227,-44.514775
R181,8.722307,-43.019359
R182,8.969702,-43.452934
R183,7.771513,-44.424820
R184,8.429608,-43.532534
R185,8.376284,-43.718960
R186,9.884571,-43.049690
R187,9.610046,-44.310818
R188,7.786582,-44.591799
R189,7.768753,-44.163840
R190,8.570380,-43.779127
R191,9.284716,-43.421690
R192,9.860537,-43.460712
R193,8.039830,-43.489349
R194,9.315021,-43.381858
R195,7.895174,-43.608119
R196,7.651132,-44.115654
R197,8.150124,-44.101026
R198,9.694383,-43.443400
R199,8.401640,-44.337563
R200,8.696127,-43.079735
R201,8.907149,-43.483144
R202,7.620396,-44.538834
R203,9.377557,-43.632238
R204,9.445141,-43.813565
R205,7.956772,-43.358821
R206,7.668997,-43.178565
R207,9.901668,-43.524932
R208,7.820975,-43.647451
R209,7.608403,-43.139044
R210,9.813599,-43.084642
R211,7.921325,-43.345983
R212,8.523867,-44.587429
R213,9.214846,-43.632458
R214,9.014440,-44.548960
R215,8.560573,-44.050275
R216,9.022797,-43.389453
R217,8.305328,-43.237473
R218,8.226304,-42.915704
R219,8.255267,-43.166808
R220,8.055188,-43.925740
R221,8.453279,-43.727161
R222,8.911212,-44.227198
R223,8.552021,-43.412350
R224,9.144255,-44.481154
R225,9.456501,-43.024339
R226,8.137000,-43.422035
R227,9.536869,-44.527729
R228,8.453888,-43.017260
R229,9.061695,-43.919980
R230,9.301880,-43.440588
R231,9.768966,-43.789807
R232,9.708965,-43.164519
R233,9.671190,-43.195131
R234,8.702078,-43.613963
R235,7.906862,-43.358143
R236,7.670989,-43.416320
R237,8.386060,-44.293995
R238,7.627537,-43.089665
R239,7.595339,-43.038216
R240,8.293585,-44.134996
R241,9.309588,-43.924638
R242,8.694414,-44.232364
R243,9.746945,-43.466699
R244,9.520334,-43.240313
R245,8.816461,-44.323127
R246,8.893942,-44.061966
R247,8.121558,-43.198553
R248,9.087198,-44.376669
R249,7.519459,-43.463614
R250,7.520922,-43.957921
R251,8.871439,-43.718260
R252,9.227208,-44.489283
R253,8.877243,-44.487755
R254,8.271053,-44.158634
R255,9.637459,-43.406193
R256,8.540601,-44.292944
R257,8.100691,-43.245614
R258,8.844385,-44.303982
R259,8.352438,-43.954058
R260,8.920525,-43.412199
R261,8.704373,-44.573067
R262,8.957563,-43.624382
R263,8.759457,-44.036230
R264,8.250628,-44.427490
R265,9.852628,-44.318925
R266,9.525244,-44.570910
R267,7.847827,-43.245155
R268,7.701001,-42.999599
R269,9.150065,-43.742619
R270,9.928960,-43.183824
R271,9.003231,-44.259029
R272,8.604277,-44.061223
R273,9.168066,-42.966296
R274,7.990874,-44.147149
R275,9.268321,-43.028271
R276,7.758730,-44.339670
R277,8.001846,-44.337819
R278,7.814313,-43.924593
R279,9.607912,-43.305417
R280,8.982848,-42.955026
R281,9.210044,-44.566607
R282,8.540890,-44.061182
R283,8.030391,-44.414372
R284,9.619315,-44.335122
R285,8.925901,-44.316564
R286,9.137247,-43.141014
R287,9.648685,-44.098745
R288,9.231519,-44.325313
R289,8.287539,-44.229042
R290,9.102940,-43.337816
R291,9.050228,-43.134854
R292,8.785051,-44.298845
R293,8.275717,-43.684057
R294,9.804468,-43.202663
R295,8.459040,-43.088448
R296,9.867881,-44.341183
R297,8.845071,-43.366459
R298,7.647994,-44.544941
R299,8.751124,-43.124427
R300,9.165085,-44.274061
R301,7.670536,-43.643648
R302,8.116275,-43.052904
R303,8.980325,-43.166922
R304,8.607876,-44.079174
R305,8.110076,-42.941592
R306,8.509307,-43.086621
R307,8.191904,-43.225113
R308,9.667501,-42.905660
R309,8.451567,-43.121316
R310,8.448825,-43.125894
R311,9.776480,-44.010544
R312,9.847832,-43.761870
R313,8.429015,-43.370296
R314,9.196262,-43.667587
R315,8.832439,-42.988936
R316,8.398716,-43.442432
R317,9.329294,-43.637357
R318,8.657284,-43.327844
R319,7.965287,-43.128078
R320,8.853414,-43.929530
R321,7.575878,-44.550584
R322,8.088694,-44.070060
R323,8.086276,-44.433895
R324,8.639593,-43.533104
R325,8.915838,-44.335852
R326,9.817346,-44.423420
R327,9.815423,-42.962812
R328,7.830970,-43.592102
R329,9.908209,-43.595538
R330,7.832084,-44.307198
R331,8.189689,-43.669527
R332,8.520600,-42.920265
R333,9.582471,-43.662028
R334,9.527455,-43.590400
R335,7.912740,-44.518445
R336,7.676123,-43.834169
R337,9.415345,-44.137385
R338,9.334957,-44.131906
R339,8.957178,-43.789927
R340,8.110213,-43.020737
R341,7.984557,-43.367490
R342,9.808393,-44.163255
R343,9.312201,-43.139604
R344,8.635895,-44.454475
R345,9.012697,-44.308717
R346,9.845574,-44.377765
R347,8.986422,-44.067770
R348,8.568166,-44.114000
R349,7.741846,-43.525420
R350,8.522056,-44.367197
R351,8.791007,-43.967958
R352,9.871530,-43.350085
R353,8.686984,-44.524280
R354,9.906893,-43.017004
R355,8.532851,-43.287417
R356,9.593800,-44.441819
R357,8.333245,-43.430422
R358,9.895787,-44.370112
R359,9.795406,-43.426382
R360,7.708946,-43.151001
R361,8.586879,-43.327248
R362,8.425160,-43.086961
R363,9.412455,-43.304684
R364,7.945795,-43.207659
R365,9.270091,-43.525123
R366,8.455390,-44.005148
R367,7.885931,-43.972952
R368,8.939311,-43.015711
R369,9.195259,-43.469415
R370,9.415122,-43.942453
R371,9.445971,-44.076720
R372,8.185694,-43.941007
R373,8.408007,-43.687334
R374,9.180340,-43.049530
R375,9.067910,-43.158575
R376,9.727264,-43.460040
R377,9.376586,-43.718916
R378,9.241478,-43.670114
R379,9.088073,-44.186412
R380,7.919817,-42.920558
R381,8.726880,-43.388421
R382,7.571234,-44.249510
R383,8.938628,-43.533186
R384,7.672122,-43.408733
R385,9.835737,-42.901766
R386,8.584552,-43.495364
R387,9.021567,-43.775458
R388,9.637894,-43.773509
R389,8.864318,-43.949527
R390,9.166676,-43.621627
R391,9.867423,-43.244467
R392,9.021381,-42.976970
R393,9.707717,-44.350467
R394,8.687123,-43.771320
R395,9.415131,-43.014187
R396,9.131874,-44.346890
R397,9.660509,-43.438002
R398,9.185890,-43.814294
R399,9.890351,-43.853536
R400,9.245593,-43.442626
R401,7.528501,-43.447135
R402,8.825829,-43.353921
R403,7.670655,-43.988670
R404,8.448759,-44.575259
R405,8.831249,-44.180377
R406,9.676515,-44.036857
R407,9.571367,-43.523666
R408,8.491872,-43.799015
R409,7.519235,-43.083079
R410,9.440257,-43.711000
R411,8.580195,-44.006407
R412,9.582355,-43.586403
R413,9.811956,-43.428672
R414,9.612040,-43.738031
R415,9.732505,-44.112544
R416,9.370560,-43.997228
R417,9.231561,-42.951983
R418,9.777860,-43.134037
R419,9.268487,-44.516244
R420,9.725902,-43.545097
R421,8.942231,-42.922919
R422,8.956713,-43.432773
R423,8.918099,-43.020564
R424,7.927608,-43.244712
R425,9.828472,-43.027905
R426,9.162504,-43.252715
R427,8.424276,-44.063274
R428,8.503099,-43.438238
R429,9.724352,-43.977512
R430,8.333623,-44.076003
R431,8.330698,-44.223230
R432,7.642169,-44.443778
R433,9.486569,-43.670251
R434,9.462877,-43.786780
R435,9.932715,-43.982886
R436,8.387085,-43.330838
R437,8.755777,-43.740074
R438,9.161092,-42.938645
R439,7.984470,-43.637401
R440,7.696542,-43.445694
R441,8.479131,-43.360300
R442,9.323342,-44.118700
R443,8.740097,-44.271227
R444,9.261478,-43.131544
R445,9.654529,-43.380486
R446,7.832847,-42.969059
R447,8.891688,-43.620838
R448,9.791979,-43.611528
R449,9.784196,-43.798533
R450,9.881633,-43.479823
R451,7.814954,-43.180975
R452,9.265369,-44.538502
R453,8.157359,-43.879885
R454,8.836834,-44.559389
R455,7.619594,-43.525425
R456,9.631358,-43.144957
R457,8.995510,-43.789096
R458,9.855190,-44.002752
R459,8.526227,-43.504033
R460,9.276421,-43.536382
R461,9.675826,-42.954091
R462,9.892568,-44.355925
R463,9.924266,-44.370111
R464,9.311810,-43.177259
R465,9.805745,-43.030466
R466,7.918608,-43.199796
R467,9.214863,-43.276687
R468,9.100151,-43.933330
R469,8.400813,-43.624119
R470,7.870828,-43.210611
R471,9.101769,-43.028877
R472,7.698060,-43.934459
R473,8.067714,-44.043467
R474,9.328648,-44.429557
R475,7.794659,-43.477800
R476,9.399518,-42.933898
R477,9.482382,-43.575310
R478,7.544772,-43.411712
R479,7.637146,-43.290859
R480,8.264569,-43.600706
R481,8.439417,-42.922376
R482,9.224374,-43.053863
R483,8.935376,-44.407295
R484,8.283108,-42.947930
R485,9.930655,-43.276661
R486,9.362288,-44.321354
R487,8.992686,-43.358575
R488,9.911034,-44.047092
R489,9.401266,-43.595935
R490,8.070303,-43.264946
R491,9.160042,-44.559366
R492,8.383938,-44.198723
R493,9.283874,-44.178388
R494,9.343936,-43.788056
R495,8.203381,-43.546037
R496,8.274964,-44.599845
R497,7.552370,-43.059518
R498,7.742548,-44.558744
R499,8.574409,-43.623506
R500,9.401726,-43.289664
R501,8.579522,-43.067921
R502,8.495900,-44.241311
R503,7.769726,-43.975479
R504,9.332744,-43.472493
R505,9.150310,-43.098353
R506,9.027704,-44.341158
R507,9.201177,-42.949129
R508,7.646957,-43.970059
R509,9.496028,-43.579835
R510,9.708146,-43.414717
R511,9.854864,-44.408983
R512,8.304471,-43.574695
R513,9.663012,-43.913340
R514,8.314723,-43.301418
R515,7.577512,-43.768191
R516,8.089600,-43.908853
R517,8.113388,-43.694489
R518,8.235916,-43.401277
R519,7.914400,-43.138310
R520,8.710321,-43.943397
R521,7.877094,-43.266160
R522,8.065445,-42.957514
R523,8.892453,-42.909204
R524,8.234147,-44.267122
R525,7.842696,-44.188123
R526,8.623341,-44.418796
R527,9.810871,-44.011051
R528,9.636111,-43.748029
R529,9.233251,-44.550830
R530,7.884866,-43.460476
R531,8.808328,-43.364151
R532,9.892296,-44.480736
R533,9.004370,-44.208405
R534,9.934622,-43.210783
R535,8.190885,-44.600702
R536,7.912508,-43.905750
R537,9.379822,-44.201092
R538,8.780555,-43.668291
R539,7.537955,-43.782127
R540,7.558875,-43.692261
R541,9.890429,-43.959067
R542,9.223584,-44.199103
R543,9.483805,-43.872812
R544,9.573625,-43.808107
R545,9.198544,-44.514988
R546,9.622672,-43.185160
R547,9.546867,-43.053360
R548,7.947312,-43.449858
R549,9.130196,-44.502204
R550,8.766807,-43.671513
R551,8.239874,-44.034789
R552,8.849406,-43.888888
R553,7.666070,-43.421029
R554,8.381184,-43.023745
R555,8.379667,-43.378205
R556,7.525950,-42.959415
R557,9.856775,-44.521709
R558,8.623238,-43.825124
R559,9.444893,-44.224345
R560,7.519664,-43.707925
R561,8.988830,-43.376537
R562,7.998283,-44.576673
R563,7.999610,-44.225772
R564,8.196179,-43.063893
R565,7.772947,-44.104950
R566,9.444369,-43.834275
R567,7.976807,-44.277867
R568,9.276191,-44.247860
R569,7.984306,-43.023874
R570,8.744887,-43.277871
R571,8.077537,-43.749529
R572,9.454504,-43.548114
R573,9.763703,-43.486831
R574,7.735959,-44.024516
R575,9.065609,-43.357638
R576,9.702046,-43.983147
R577,8.642991,-43.862171
R578,8.550654,-44.487316
R579,8.491185,-44.254348
R580,9.084879,-44.249621
R581,8.510413,-44.464553
R582,7.662036,-43.247030
R583,8.325767,-43.488072
R584,8.153496,-44.157724
R585,8.749408,-44.234076
R586,9.081469,-43.031044
R587,9.603881,-43.960209
R588,8.434173,-43.867865
R589,8.555813,-44.002624
R590,9.907678,-43.865694
R591,9.800308,-43.504841
R592,9.265027,-43.574903
R593,8.343048,-42.980141
R594,9.343901,-43.038280
R595,8.859232,-44.205647
R596,8.980542,-44.215625
R597,9.851439,-42.984293
R598,9.624152,-43.176522
R599,8.279617,-42.994091
R600,9.775901,-43.548958
R601,9.082177,-44.401245
R602,9.782345,-43.648257
R603,8.365001,-43.438696
R604,8.083972,-44.192001
R605,9.272336,-44.275381
R606,9.233463,-44.505895
R607,9.802179,-44.220719
R608,9.034411,-43.906084
R609,9.608039,-42.951394
R610,9.230430,-44.240306
R611,7.709763,-43.322770
R612,9.623592,-43.047859
R613,9.120276,-42.994465
R614,8.739731,-43.378077
R615,9.308136,-44.420172
R616,7.874961,-43.925244
R617,7.660315,-43.070522
R618,8.564467,-44.268269
R619,9.576108,-43.612681
R620,8.198517,-44.292738
R621,9.060065,-43.136153
R622,8.578403,-44.185566
R623,7.932711,-43.100599
R624,7.963675,-43.602294
R625,8.398092,-43.715856
R626,7.596062,-44.033010
R627,7.754989,-44.063080
R628,8.508393,-44.061975
R629,8.128081,-43.565498
R630,8.442840,-44.190904
R631,8.896019,-43.027482
R632,8.579322,-43.662891
R633,8.307810,-43.290894
R634,9.918746,-44.518852
R635,7.801627,-44.342950
R636,9.117580,-44.168068
R637,9.681584,-43.784160
R638,9.655298,-43.426483
R639,9.492885,-43.073449
R640,8.031728,-43.108991
R641,9.356283,-43.519379
R642,8.227937,-43.530295
R643,8.750177,-43.536533
R644,8.638620,-44.168880
R645,9.417005,-44.058005
R646,8.186372,-44.378659
R647,8.266924,-43.688656
R648,8.842967,-43.467890
R649,9.363743,-43.359303
R650,7.548900,-43.245612
R651,8.255236,-44.490576
R652,8.874489,-44.520809
R653,8.765129,-43.387274
R654,8.138115,-44.253283
R655,7.912600,-44.200367
R656,8.681844,-43.523659
R657,8.432307,-44.279705
R658,7.522065,-43.049076
R659,9.323217,-43.419595
R660,8.162618,-42.983396
R661,8.479209,-44.117978
R662,8.307286,-43.345902
R663,8.759549,-44.537963
R664,9.216172,-44.401840
R665,7.807251,-42.983323
R666,7.639818,-43.880581
R667,9.192890,-44.449755
R668,8.879267,-43.075082
R669,9.005113,-43.826630
R670,8.715820,-44.229103
R671,9.156694,-44.175794
R672,9.103348,-44.284765
R673,7.637574,-44.500924
R674,9.183537,-43.221460
R675,8.899452,-44.000953
R676,9.398089,-43.666455
R677,9.098728,-42.988667
R678,9.147419,-44.440629
R679,8.902288,-43.547855
R680,9.816305,-44.063284
R681,9.269650,-44.009664
R682,9.039360,-43.483095
R683,9.263124,-43.428605
R684,7.990780,-44.058939
R685,9.800553,-43.215512
R686,8.850688,-43.701726
R687,9.667099,-44.536928
R688,9.734317,-43.080848
R689,9.000030,-43.832527
R690,7.957947,-44.063836
R691,8.601420,-44.017515
R692,9.382028,-43.642718
R693,8.460639,-44.494071
R694,8.676800,-44.107516
R695,8.138146,-43.246308
R696,9.539253,-44.111680
R697,8.502101,-43.084316
R698,9.868715,-44.040275
R699,7.921399,-44.256752
R700,8.559209,-44.025026
R701,8.098185,-43.719489
R702,8.012954,-44.545574
R703,7.918752,-44.045405
R704,9.791166,-43.520274
R705,8.529717,-44.178284
R706,8.649946,-43.873248
R707,8.887654,-43.465057
R708,9.382822,-43.369525
R709,8.037134,-43.449617
R710,7.944778,-44.025122
R711,8.667210,-43.374810
R712,7.923728,-43.726596
R713,9.248282,-43.365984
R714,9.599440,-43.526741
R715,8.948568,-43.273533
R716,8.458742,-43.777460
R717,8.394615,-42.914674
R718,8.729170,-43.852699
R719,8.500644,-44.586933
R720,9.808312,-44.419294
R721,9.885631,-43.654435
R722,8.503647,-43.191205
R723,7.570831,-44.585473
R724,8.949892,-44.579482
R725,8.443910,-44.567242
R726,8.177329,-43.066093
R727,7.599514,-43.354161
R728,9.933157,-44.217947
R729,9.102280,-44.167030
R730,8.432674,-43.290716
R731,8.617060,-43.875486
R732,7.733652,-43.990336
R733,8.874867,-43.153903
R734,8.357847,-43.841274
R735,7.881394,-43.526721
R736,9.424538,-42.969993
R737,8.095042,-43.153727
R738,8.810100,-43.222580
R739,9.684967,-44.146325
R740,8.705630,-43.439801
R741,7.880242,-43.693881
R742,9.865651,-43.074360
R743,8.700328,-43.959055
R744,7.765123,-42.905839
R745,9.896246,-43.563752
R746,7.764307,-43.388009
R747,9.349740,-44.589083
R748,8.996271,-43.374250
R749,8.315264,-43.830039
R750,7.842487,-44.547673
R751,8.154283,-43.469071
R752,7.931287,-43.801375
R753,8.184016,-43.076817
R754,9.644350,-43.867962
R755,8.923194,-44.102794
R756,7.567272,-43.168023
R757,8.384192,-43.273402
R758,8.374849,-44.519815
R759,9.724787,-43.323848
R760,8.213071,-43.596734
R761,9.729838,-43.722936
R762,7.765592,-42.918939
R763,8.184958,-43.129615
R764,8.417402,-43.165495
R765,8.962413,-43.129495
R766,9.601202,-43.478976
R767,9.594645,-43.234780
R768,8.646674,-44.584929
R769,8.734722,-43.226618
R770,8.102248,-43.636009
R771,9.237440,-43.903321
R772,9.025000,-43.515116
R773,8.542178,-43.476950
R774,8.332078,-44.245273
R775,8.169956,-44.264772
R776,8.506705,-43.448383
R777,9.406857,-43.109193
R778,8.037063,-43.826266
R779,7.964721,-43.797314
R780,8.119470,-43.214405
R781,8.451128,-44.538988
R782,7.946577,-43.205319
R783,8.233290,-43.451511
R784,9.072863,-43.100495
R785,9.351001,-44.049294
R786,9.445166,-44.410731
R787,8.078051,-42.940845
R788,9.272727,-43.200328
R789,9.500458,-43.649569
R790,7.663427,-43.586911
R791,8.002551,-44.409556
R792,9.888187,-44.367889
R793,9.017698,-43.625283
R794,9.531441,-44.558451
R795,9.366479,-43.702149
R796,9.900957,-44.164018
R797,8.991906,-44.003544
R798,7.520079,-43.647190
R799,9.607570,-44.090791
R800,8.947338,-42.922045
R801,7.979287,-44.082501
R802,7.637682,-44.029328
R803,8.564952,-43.127431
R804,8.665585,-43.144051
R805,8.741038,-42.922737
R806,9.401641,-43.743642
R807,7.744955,-42.924259
R808,9.420808,-44.548685
R809,7.547536,-42.917312
R810,7.794119,-43.109969
R811,9.337207,-44.494001
R812,7.940271,-43.622176
R813,9.283351,-44.001338
R814,8.542848,-44.508161
R815,8.398159,-44.534394
R816,9.010073,-43.792701
R817,9.550954,-43.537740
R818,9.340878,-43.936414
R819,8.018783,-44.198661
R820,8.036208,-44.446440
R821,9.503540,-43.394075
R822,7.892590,-43.053070
R823,9.924589,-43.019499
R824,9.624736,-44.026635
R825,8.504713,-44.122330
R826,8.638196,-44.208030
R827,8.116056,-43.980302
R828,9.172614,-43.463066
R829,8.739629,-43.105601
R830,8.442529,-44.171527
R831,9.563978,-44.405831
R832,8.588335,-43.227002
R833,7.967364,-44.332675
R834,9.435157,-43.639057
R835,9.463164,-43.114161
R836,8.971442,-43.104910
R837,8.398442,-43.231684
R838,8.013482,-43.370207
R839,8.061526,-44.240190
R840,9.043999,-44.553634
R841,7.573574,-44.328516
R842,9.851471,-44.242174
R843,9.648363,-44.317631
R844,8.144667,-44.528902
R845,9.540334,-42.995458
R846,9.019836,-43.925855
R847,9.602755,-43.831695
R848,9.300517,-44.029363
R849,9.158048,-42.935784
R850,7.587830,-43.272710
R851,8.623615,-43.111738
R852,8.807551,-43.320499
R853,8.982950,-44.232918
R854,7.529008,-44.352613
R855,7.979795,-43.099165
R856,7.581691,-43.524748
R857,9.121376,-43.800205
R858,8.292307,-43.629706
R859,7.912451,-44.232110
R860,9.456178,-44.305430
R861,8.446045,-43.533363
R862,7.561190,-44.001461
R863,8.294429,-44.468645
R864,7.965568,-43.840131
R865,9.208308,-43.859614
R866,8.129449,-43.192746
R867,7.576714,-44.276380
R868,8.467896,-43.873012
R869,7.971734,-44.522342
R870,8.242796,-44.056389
R871,7.964912,-43.863516
R872,7.624346,-44.486176
R873,8.928571,-44.392301
R874,9.297218,-42.938188
R875,8.660146,-43.010045
R876,8.371261,-44.502079
R877,7.718134,-43.034316
R878,8.348576,-43.671838
R879,9.433600,-43.019835
R880,9.710800,-43.541796
R881,8.817467,-43.050340
R882,8.808605,-43.605776
R883,8.015348,-44.549944
R884,8.191019,-44.064048
R885,9.316455,-43.423218
R886,9.139863,-44.438697
R887,8.114535,-44.525958
R888,9.336946,-43.739777
R889,7.891099,-43.065467
R890,8.780720,-44.339703
R891,7.810707,-44.468812
R892,8.655934,-43.556513
R893,9.900303,-44.415533
R894,9.476877,-43.989681
R895,7.734397,-43.852681
R896,9.931215,-43.161841
R897,8.430202,-44.400163
R898,9.092489,-44.481558
R899,8.032935,-43.630438
R900,8.988270,-43.144616
R901,7.888735,-44.167711
R902,9.558114,-43.185049
R903,8.390856,-44.519113
R904,9.028092,-43.688943
R905,8.706458,-44.064216
R906,7.994005,-43.551161
R907,9.327898,-43.751418
R908,7.698900,-44.037686
R909,9.135823,-43.496930
R910,9.767004,-44.315143
R911,9.572691,-44.269314
R912,8.655495,-43.179108
R913,9.723446,-43.258563
R914,7.625482,-42.963622
R915,9.771779,-43.771271
R916,9.626388,-44.239360
R917,9.461706,-44.550092
R918,7.880246,-43.974648
R919,7.915620,-43.447522
R920,9.807085,-43.329380
R921,7.513659,-42.992968
R922,9.166471,-44.185753
R923,8.118526,-44.370690
R924,9.389536,-42.963223
R925,8.534411,-43.565030
R926,9.624207,-43.785148
R927,9.372321,-43.775823
R928,8.320241,-42.954841
R929,7.673914,-43.290449
R930,9.589349,-43.968674
R931,8.634268,-44.543771
R932,9.305909,-43.604667
R933,8.810135,-43.020936
R934,8.209360,-43.268772
R935,8.059480,-43.623449
R936,8.505723,-44.212321
R937,8.493298,-42.954234
R938,9.573566,-44.145240
R939,9.786748,-44.552283
R940,7.526195,-43.551516
R941,9.272029,-44.503803
R942,8.295263,-43.424246
R943,7.721455,-43.340196
R944,8.169226,-43.193850
R945,8.915345,-44.477248
R946,7.937240,-43.029667
R947,8.310349,-43.724070
R948,7.742878,-43.282025
R949,9.083484,-44.598049
R950,8.457252,-43.473476
R951,8.234472,-43.059175
R952,9.080891,-44.468683
R953,8.209253,-43.822574
R954,7.521517,-43.468262
R955,9.479500,-43.081603
R956,9.081297,-43.319144
R957,8.292973,-44.291017
R958,8.389625,-44.307704
R959,9.364403,-43.005227
R960,8.576323,-43.481348
R961,8.521941,-44.079918
R962,8.972060,-43.741240
R963,7.761668,-44.348355
R964,9.598868,-43.284652
R965,7.844310,-44.239183
R966,9.624727,-43.005776
R967,8.028046,-44.033049
R968,7.815450,-43.315015
R969,8.263796,-43.365643
R970,7.776055,-44.054616
R971,7.972043,-43.947480
R972,8.572964,-43.153884
R973,7.933413,-44.582593
R974,9.626825,-43.471296
R975,9.057419,-43.890372
R976,9.679971,-43.402718
R977,9.107460,-43.110375
R978,7.519159,-44.075974
R979,8.390917,-43.634105
R980,9.355043,-44.376329
R981,9.557422,-44.424859
R982,8.475454,-44.128394
R983,8.240206,-43.005644
R984,9.081459,-43.475735
R985,9.836969,-43.008102
R986,9.297469,-44.302520
R987,8.049802,-44.053811
R988,8.904789,-44.319444
R989,7.855946,-42.944249
R990,9.605337,-43.463347
R991,8.161645,-44.589317
R992,7.692666,-44.146223
R993,8.787801,-44.128599
R994,7.685503,-43.037618
R995,8.907766,-42.940727
R996,7.715029,-43.532703
R997,9.669692,-43.473952
R998,8.962643,-42.994975
R999,8.128797,-44.020087
R1000,7.649392,-44.104746
R1001,9.808771,-44.246801
R1002,8.313235,-44.466399
R1003,9.316633,-43.659732
R1004,9.056161,-43.886319
R1005,9.028118,-44.301276
R1006,8.667298,-42.918731
R1007,8.209649,-42.966451
R1008,8.081761,-44.194466
R1009,9.030543,-43.963513
R1010,8.824102,-44.157705
R1011,8.350429,-43.642637
R1012,9.366816,-43.786879
R1013,9.610604,-43.652845
R1014,8.312933,-42.956145
R1015,8.564624,-44.019126
R1016,8.859452,-44.283995
R1017,8.283439,-42.928231
R1018,8.059749,-43.183775
R1019,8.836241,-43.541946
R1020,8.696823,-43.667498
R1021,8.729346,-42.928854
R1022,7.928877,-43.663716
R1023,8.124055,-44.464748
R1024,9.141743,-43.991512
R1025,8.252378,-43.213634
R1026,9.752536,-43.285969
R1027,9.721253,-44.347226
R1028,9.918986,-43.224556
R1029,9.213123,-43.730383
R1030,8.842627,-43.661066
R1031,8.798622,-42.990654
R1032,9.764927,-43.103951
R1033,9.359553,-43.264210
R1034,7.638929,-44.527169
R1035,8.422138,-42.925733
R1036,9.438224,-44.379429
R1037,9.596440,-43.871313
R1038,8.704707,-43.301114
R1039,9.171900,-43.296410
R1040,8.304136,-43.929788
R1041,9.145048,-43.631195
R1042,8.756820,-43.585462
R1043,9.410525,-43.447712
R1044,8.290350,-44.315182
R1045,9.723897,-43.256485
R1046,8.764029,-43.847687
R1047,8.955127,-44.249524
R1048,9.756836,-43.462663
R1049,8.492627,-43.351657
R1050,9.189112,-44.304541
R1051,9.140261,-44.479135
R1052,8.802948,-44.019161
R1053,8.502811,-44.115781
R1054,9.209452,-44.019762
R1055,8.923749,-42.962849
R1056,9.720727,-44.517025
R1057,8.640163,-43.603019
R1058,9.028675,-43.864434
R1059,7.834617,-44.559338
R1060,9.264888,-44.569758
R1061,7.880726,-43.589356
R1062,9.471495,-43.832920
R1063,8.844237,-43.430179
R1064,8.495628,-44.098526
R1065,8.552111,-43.775172
R1066,9.546741,-44.346017
R1067,9.459401,-43.947738
R1068,9.648022,-44.035747
R1069,8.800153,-44.098954
R1070,8.801335,-43.852773
R1071,8.383274,-43.152621
R1072,7.590785,-43.595151
R1073,8.602067,-44.079085
R1074,7.747187,-42.965920
R1075,7.801633,-43.625980
R1076,9.340389,-43.668904
R1077,8.963452,-44.322573
R1078,9.350056,-43.275665
R1079,7.526231,-43.644248
R1080,9.612348,-43.100586
R1081,8.850390,-44.077654
R1082,9.252568,-43.057414
R1083,8.453143,-43.899084
R1084,9.733879,-44.519739
R1085,8.768100,-44.051961
R1086,9.758614,-43.481940
R1087,9.490900,-44.473397
R1088,9.870707,-43.519929
R1089,7.998531,-44.561055
R1090,8.544979,-43.883895
R1091,8.101067,-43.408673
R1092,9.102205,-44.541251
R1093,7.590486,-43.133993
R1094,8.330748,-42.933648
R1095,8.156524,-44.234398
R1096,7.621807,-43.477560
R1097,8.788363,-43.205649
R1098,8.861632,-43.565433
R1099,8.209495,-43.922007
R1100,8.264051,-44.217682
R1101,8.931430,-43.443711
R1102,8.595758,-44.286515
R1103,8.667698,-43.916947
R1104,9.372656,-42.996142
R1105,8.905231,-43.615162
R1106,9.193176,-44.220601
R1107,9.890284,-43.680176
R1108,8.620660,-43.813257
R1109,9.667767,-43.484414
R1110,8.969296,-44.069557
R1111,9.102549,-44.022306
R1112,8.642246,-44.422976
R1113,9.698511,-44.203682
R1114,9.346872,-43.127016
R1115,8.885986,-43.443560
R1116,7.867493,-43.509338
R1117,8.092742,-44.096093
R1118,7.687236,-43.456172
R1119,9.311762,-44.107052
R1120,8.250671,-43.520049
R1121,9.919358,-43.752462
R1122,8.642715,-43.104331
R1123,9.392300,-44.297024
R1124,7.818371,-44.224649
R1125,9.611480,-44.376180
R1126,8.564365,-44.174436
R1127,9.498573,-43.318227
R1128,8.073644,-43.566427
R1129,9.146665,-43.396828
R1130,9.430416,-44.177336
R1131,8.037346,-44.393536
R1132,9.059021,-44.233522
R1133,7.749977,-43.699277
R1134,7.608591,-43.372277
R1135,7.891750,-44.375204
R1136,8.743555,-44.341437
R1137,9.243641,-43.308139
R1138,9.086591,-44.145845
R1139,8.103467,-43.896136
R1140,8.959610,-44.286327
R1141,8.611769,-44.208129
R1142,7.767218,-43.981494
R1143,8.306565,-44.135318
R1144,9.236371,-43.443341
R1145,8.953025,-43.672610
R1146,9.032863,-44.397395
R1147,9.302301,-43.972225
R1148,9.574341,-43.621542
R1149,7.805422,-43.569747
R1150,8.917172,-44.076146
R1151,8.759240,-43.345940
R1152,9.830879,-43.461060
R1153,8.327691,-44.360927
R1154,9.222658,-44.098994
R1155,7.958077,-42.909218
R1156,9.211526,-44.495138
R1157,8.154156,-43.736822
R1158,8.718633,-44.573678
R1159,9.443327,-43.126125
R1160,8.652190,-44.581899
R1161,9.283347,-44.423463
R1162,8.652162,-44.419821
R1163,8.577686,-44.083411
R1164,9.133970,-44.215177
R1165,8.207884,-44.274145
R1166,8.706736,-43.250985
R1167,9.501394,-44.338357
R1168,8.213885,-44.218382
R1169,9.886766,-44.086841
R1170,9.933959,-44.594955
R1171,9.316268,-44.425238
R1172,9.583850,-44.270943
R1173,9.133270,-44.236969
R1174,7.713510,-43.067956
R1175,8.979044,-43.017696
R1176,8.830028,-44.253638
R1177,9.467749,-43.136405
R1178,7.771399,-43.140656
R1179,9.344133,-43.694527
R1180,9.313310,-43.108981
R1181,8.137669,-43.979650
R1182,9.570744,-43.417029
R1183,8.851507,-43.101019
R1184,7.580830,-43.981589
R1185,8.072899,-43.532884
R1186,9.022881,-44.411208
R1187,7.944964,-43.445144
R1188,8.824965,-43.693308
R1189,7.948947,-44.299340
R1190,8.236607,-43.372228
R1191,7.621245,-43.213701
R1192,8.997501,-43.151148
R1193,7.555005,-43.115356
R1194,9.664499,-43.193983
R1195,8.331669,-43.412610
R1196,8.567718,-43.343560
R1197,8.678274,-44.230461
R1198,9.746489,-43.435716
R1199,8.777089,-44.417322
R1200,8.085585,-44.268136
R1201,9.876897,-43.577330
R1202,8.668015,-44.099540
R1203,7.715066,-43.218828
R1204,8.614923,-43.203656
R1205,8.798390,-43.805101
R1206,9.195844,-44.537660
R1207,9.194905,-44.368491
R1208,8.099596,-43.414788
R1209,9.503311,-43.918607
R1210,7.591224,-43.928476
R1211,9.928469,-43.776721
R1212,9.192780,-43.601243
R1213,9.897015,-44.378385
R1214,8.236099,-43.892829
R1215,7.539299,-44.185516
R1216,8.511794,-43.494334
R1217,8.807033,-42.951822
R1218,7.783241,-43.421954
R1219,9.344943,-43.624747
R1220,8.865051,-43.073775
R1221,9.253386,-43.706552
R1222,8.132343,-43.470350
R1223,7.765274,-43.774131
R1224,7.820124,-44.185235
R1225,7.903182,-43.072200
R1226,9.471221,-43.080585
R1227,7.719706,-43.430619
R1228,9.182427,-43.902259
R1229,7.576375,-43.260724
R1230,8.406313,-43.949652
R1231,8.866222,-44.213653
R1232,8.307499,-43.206905
R1233,7.681502,-43.144528
R1234,8.687285,-43.958026
R1235,8.425441,-43.781647
R1236,9.213876,-44.512449
R1237,9.325644,-43.225668
R1238,9.016861,-43.549650
R1239,9.756012,-43.047952
R1240,9.910933,-43.568346
R1241,8.095687,-44.232831
R1242,9.531058,-43.465108
R1243,7.976965,-44.521809
R1244,9.423238,-43.560351
R1245,9.642618,-44.089100
R1246,8.498981,-43.032992
R1247,7.647565,-43.959902
R1248,7.571730,-43.256280
R1249,9.366504,-43.466753
R1250,7.755277,-43.214665
R1251,8.122532,-43.694089
R1252,9.332739,-43.499406
R1253,7.835799,-44.391800
R1254,8.347851,-44.179760
R1255,8.913544,-44.547086
R1256,8.811057,-43.434742
R1257,9.220167,-43.413028
R1258,7.693251,-43.282344
R1259,8.000060,-43.879781
R1260,9.441976,-43.477711
R1261,9.089069,-43.214178
R1262,7.611171,-44.174450
R1263,8.985683,-43.789840
R1264,8.381925,-44.292871
R1265,9.573580,-43.413665
R1266,8.447400,-44.431526
R1267,8.708562,-43.477837
R1268,8.712166,-43.882318
R1269,7.950233,-43.777027
R1270,9.472310,-44.374541
R1271,8.793379,-44.190070
R1272,7.757293,-43.327407
R1273,8.361686,-44.540564
R1274,8.427202,-43.540475
R1275,9.567726,-43.867947
R1276,8.681496,-44.321374
R1277,9.721741,-44.464286
R1278,9.121533,-43.508464
R1279,8.418937,-43.374145
R1280,7.985616,-43.978008
R1281,7.555937,-43.921086
R1282,9.580150,-44.001916
R1283,8.535123,-44.178171
R1284,9.204320,-43.486732
R1285,8.005980,-43.082358
R1286,9.590089,-44.595347
R1287,7.649880,-43.668199
R1288,8.942708,-43.444819
R1289,8.474706,-43.518801
R1290,9.550707,-44.229971
R1291,9.289521,-43.208091
R1292,8.907685,-43.201795
R1293,9.563750,-43.107812
R1294,8.477961,-43.206457
R1295,7.704324,-43.549037
R1296,9.835433,-43.625732
R1297,8.777180,-43.684438
R1298,9.194275,-43.048665
R1299,8.895258,-43.883139
R1300,9.171485,-43.486736
R1301,8.067732,-43.816416
R1302,8.587391,-43.498837
R1303,9.412649,-43.640721
R1304,7.780142,-43.807158
R1305,7.795105,-44.118450
R1306,8.820049,-44.264272
R1307,9.624373,-43.281481
R1308,7.835590,-44.428828
R1309,8.221873,-44.462063
R1310,7.804997,-43.413458
R1311,8.301985,-44.146005
R1312,9.447586,-43.778171
R1313,9.327857,-44.565798
R1314,9.008223,-44.333590
R1315,8.608465,-43.259026
R1316,7.921938,-43.400627
R1317,8.682414,-43.227760
R1318,9.773249,-43.137163
R1319,9.626692,-44.261301
R1320,8.803969,-43.919817
R1321,7.549107,-43.632379
R1322,7.904918,-42.912147
R1323,8.437365,-43.833752
R1324,8.862086,-43.965876
R1325,9.325237,-43.986109
R1326,8.166947,-43.482386
R1327,7.791581,-42.909625
R1328,7.531239,-43.848437
R1329,9.520026,-43.092488
R1330,9.368706,-43.038815
R1331,9.523168,-44.333850
R1332,9.750396,-43.541739
R1333,9.463150,-43.475231
R1334,7.944286,-43.850836
R1335,9.891724,-43.652213
R1336,8.442181,-44.000369
R1337,8.746551,-43.154346
R1338,9.204094,-44.207891
R1339,9.386223,-43.145028
R1340,8.572086,-44.290623
R1341,8.680776,-43.923925
R1342,7.635594,-43.759152
R1343,7.800060,-44.560262
R1344,7.897451,-44.177820
R1345,9.469179,-43.279730
R1346,8.978955,-43.065461
R1347,8.345517,-43.058559
R1348,8.240133,-42.952442
R1349,8.548547,-43.212633
R1350,8.838420,-44.362577
R1351,7.771358,-43.921758
R1352,8.910220,-44.539890
R1353,7.660325,-44.278870
R1354,7.571650,-43.462936
R1355,7.831866,-43.767658
R1356,8.128663,-43.350063
R1357,9.340844,-43.285843
R1358,9.233123,-43.407146
R1359,8.670225,-44.433394
R1360,8.085406,-43.016018
R1361,8.689180,-43.320913
R1362,9.174884,-43.084278
R1363,9.179442,-43.891734
R1364,8.406203,-43.843814
R1365,9.676552,-43.679484
R1366,9.358138,-44.410791
R1367,7.529925,-43.268551
R1368,8.206886,-43.411430
R1369,8.987332,-43.023993
R1370,8.787878,-44.002108
R1371,9.462613,-44.109766
R1372,9.272663,-43.149394
R1373,8.688391,-43.099205
R1374,9.543831,-44.309693
R1375,9.872300,-43.167524
R1376,7.659305,-44.090087
R1377,7.774000,-43.002279
R1378,7.710022,-43.502882
R1379,7.698125,-43.349535
R1380,9.288401,-44.455294
R1381,8.530996,-43.681068
R1382,8.161080,-44.430958
R1383,9.567221,-43.219271
R1384,7.549069,-42.965541
R1385,9.783255,-42.901997
R1386,9.597346,-44.596130
R1387,9.518673,-43.047694
R1388,7.750211,-43.261402
R1389,8.970389,-43.437375
R1390,7.555631,-44.089151
R1391,8.086252,-44.452022
R1392,8.601821,-44.382188
R1393,9.149734,-43.810358
R1394,8.700752,-43.532101
R1395,8.812245,-44.539873
R1396,8.017467,-43.020312
R1397,9.487631,-44.186092
R1398,9.618612,-44.324886
R1399,8.582208,-43.524831
R1400,9.326846,-44.401477
R1401,7.961355,-44.185752
R1402,9.598276,-43.477413
R1403,8.775992,-42.985194
R1404,7.942210,-44.028673
R1405,8.835085,-44.497687
R1406,9.674908,-43.572285
R1407,9.291384,-44.594451
R1408,9.893094,-43.560193
R1409,8.131989,-43.444843
R1410,8.091903,-44.182339
R1411,8.025946,-43.380443
R1412,9.341146,-43.190407
R1413,8.932291,-43.485539
R1414,9.740146,-44.460786
R1415,8.802771,-42.985973
R1416,9.502559,-44.271907
R1417,7.719756,-43.247691
R1418,8.353302,-43.410415
R1419,8.889861,-43.541614
R1420,9.922199,-42.979738
R1421,9.571569,-43.077722
R1422,8.801901,-44.397612
R1423,9.333131,-43.231289
R1424,8.306113,-43.242516
R1425,8.251549,-44.569787
R1426,8.167093,-44.124601
R1427,8.208273,-43.242085
R1428,9.474295,-43.242599
R1429,9.465340,-43.891007
R1430,9.627769,-43.688724
R1431,9.378545,-43.529437
R1432,7.612933,-44.104106
R1433,8.638076,-42.990163
R1434,8.209321,-43.975832
R1435,9.861715,-43.035412
R1436,8.368910,-44.458670
R1437,7.792622,-44.311481
R1438,9.557083,-42.991872
R1439,9.893990,-44.364143
R1440,9.459007,-43.227549
R1441,8.003517,-44.500543
R1442,7.766887,-44.511584
R1443,8.313725,-43.349514
R1444,9.549131,-44.184335
R1445,9.399207,-44.550706
R1446,8.672722,-43.768487
R1447,8.999246,-44.496442
R1448,9.603881,-43.681227
R1449,8.280009,-43.515503
R1450,7.614271,-43.881860
R1451,8.973948,-43.559883
R1452,9.627034,-42.923238
R1453,8.681609,-43.268380
R1454,8.664247,-43.280519
R1455,7.542134,-44.094191
R1456,8.077946,-44.437652
R1457,8.824922,-43.491680
R1458,8.264322,-44.559755
R1459,9.058395,-43.382558
R1460,9.653122,-44.087454
R1461,9.864966,-43.244872
R1462,8.162381,-43.731413
R1463,7.694342,-44.255308
R1464,8.498200,-44.305837
R1465,7.522447,-43.578952
R1466,8.394748,-44.509026
R1467,8.628199,-44.145320
R1468,7.683467,-44.355161
R1469,8.472811,-44.271278
R1470,9.168623,-43.685182
R1471,9.056310,-42.952877
R1472,8.674702,-43.788910
R1473,7.739910,-43.271702
R1474,8.841399,-43.187265
R1475,9.113653,-44.014489
R1476,7.669477,-44.066192
R1477,9.791330,-42.963804
R1478,8.372665,-44.210258
R1479,7.574396,-43.991947
R1480,8.237256,-44.577159
R1481,9.116847,-44.380272
R1482,9.408169,-44.113803
R1483,8.697297,-44.175161
R1484,8.978708,-43.572819
R1485,7.772659,-43.240809
R1486,8.785084,-43.047982
R1487,9.058462,-43.908148
R1488,9.487644,-43.526497
R1489,9.557963,-44.022877
R1490,8.087531,-44.186778
R1491,8.445637,-44.291859
R1492,7.601435,-44.315461
R1493,8.517712,-44.332793
R1494,9.596819,-44.292987
R1495,9.073375,-43.915883
R1496,8.087223,-43.282155
R1497,9.001636,-43.023741
R1498,9.034304,-43.520888
R1499,7.597191,-43.561065
R1500,8.229920,-44.041699
R1501,8.623789,-42.995607
R1502,8.060784,-43.582212
R1503,7.947802,-44.421407
R1504,9.017430,-44.367525
R1505,7.608261,-44.544209
R1506,7.849900,-43.024816
R1507,8.811916,-43.440021
R1508,8.848815,-43.985810
R1509,8.488253,-43.572334
R1510,9.592654,-44.346690
R1511,7.537623,-43.762582
R1512,8.800368,-43.944622
R1513,9.732794,-43.755637
R1514,9.236678,-43.014672
R1515,7.797212,-43.580861
R1516,7.837998,-42.923724
R1517,8.441916,-44.080859
R1518,8.047800,-44.180675
R1519,9.580786,-43.164935
R1520,8.261397,-43.355717
R1521,8.325321,-43.892249
R1522,9.025375,-44.441943
R1523,9.630189,-44.344037
R1524,8.857588,-43.799485
R1525,8.825736,-43.049730
R1526,8.073718,-44.438183
R1527,8.005833,-43.913548
R1528,8.312631,-43.936006
R1529,9.088044,-43.161201
R1530,8.229388,-44.209426
R1531,8.655709,-43.200689
R1532,8.644171,-43.985633
R1533,9.377616,-44.508032
R1534,8.765547,-44.459206
R1535,9.549879,-43.366473
R1536,9.847197,-43.875927
R1537,8.739526,-43.265620
R1538,9.139106,-44.303580
R1539,7.797021,-43.072424
R1540,9.914663,-43.477262
R1541,8.289407,-43.463324
R1542,9.929812,-42.905451
R1543,9.783753,-43.487589
R1544,9.016254,-44.207315
R1545,9.168141,-44.487086
R1546,9.602545,-43.901632
R1547,9.518494,-44.488082
R1548,7.731595,-44.228931
R1549,8.525760,-43.193105
R1550,9.164565,-43.538673
R1551,7.826992,-43.956990
R1552,7.772353,-44.006093
R1553,7.801571,-43.602018
R1554,9.560568,-43.415392
R1555,9.712398,-44.509692
R1556,9.914825,-42.945778
R1557,8.860868,-43.328382
R1558,8.063995,-44.024880
R1559,9.827610,-43.683983
R1560,7.570168,-43.635962
R1561,9.824925,-43.541974
R1562,7.723033,-44.014864
R1563,7.611936,-44.121182
R1564,8.670790,-43.411766
R1565,7.668184,-44.171716
R1566,8.081780,-43.240684
R1567,9.306275,-42.997957
R1568,8.663038,-44.010705
R1569,7.735190,-43.539495
R1570,9.475813,-43.395499
R1571,9.793608,-44.423783
R1572,8.395957,-43.789155
R1573,9.269557,-43.536835
R1574,9.618284,-43.134881
R1575,9.891419,-43.779401
R1576,9.843069,-43.293208
R1577,7.513636,-43.451261
R1578,9.862987,-43.818996
R1579,9.849040,-43.315174
R1580,9.101729,-44.045001
R1581,9.095542,-44.182460
R1582,9.372714,-44.399510
R1583,7.997864,-44.016845
R1584,9.456065,-44.002013
R1585,9.152274,-43.911206
R1586,8.736799,-43.381805
R1587,9.757369,-43.975496
R1588,9.741524,-44.547207
R1589,8.445614,-44.357138
R1590,8.648389,-43.932890
R1591,9.494908,-43.815281
R1592,9.751911,-44.501197
R1593,8.492456,-43.729993
R1594,8.042335,-43.949898
R1595,9.834537,-43.365097
R1596,8.458541,-43.439350
R1597,8.665732,-43.164483
R1598,8.071589,-44.471746
R1599,9.897952,-43.887883
R1600,8.338966,-43.662245
R1601,7.981230,-43.262380
R1602,8.497826,-44.449100
R1603,9.263132,-44.077093
R1604,8.556443,-43.344550
R1605,8.569949,-44.076062
R1606,8.261072,-44.171915
R1607,8.134747,-43.362252
R1608,8.070777,-43.419030
R1609,9.897652,-43.497892
R1610,8.673861,-43.031624
R1611,9.314229,-44.344710
R1612,8.137818,-44.549133
R1613,8.450925,-43.213343
R1614,9.048750,-44.024825
R1615,9.649510,-43.192248
R1616,9.698424,-43.803668
R1617,7.657150,-44.493040
R1618,9.300168,-44.314264
R1619,8.396256,-43.104762
R1620,9.370083,-44.385374
R1621,8.456656,-43.414067
R1622,8.646333,-43.411455
R1623,8.018289,-44.572804
R1624,7.720377,-43.249870
R1625,8.119146,-43.660653
R1626,9.329552,-43.116564
R1627,8.510803,-44.524486
R1628,9.647464,-42.947566
R1629,7.641485,-43.603212
R1630,8.407287,-44.090329
R1631,9.731026,-43.678892
R1632,9.325843,-44.315914
R1633,8.383822,-43.067819
R1634,8.132442,-43.937097
R1635,7.917870,-44.046175
R1636,8.309207,-44.320027
R1637,8.504750,-43.760748
R1638,8.654520,-43.780385
R1639,8.757717,-44.600042
R1640,8.262394,-43.661378
R1641,9.849262,-44.495505
R1642,7.679332,-44.573472
R1643,7.627004,-43.821322
R1644,9.915184,-44.470363
R1645,7.869955,-43.652084
R1646,7.595839,-43.353115
R1647,9.009594,-43.762211
R1648,8.277675,-43.353347
R1649,8.062869,-43.064643
R1650,8.267710,-43.151501
R1651,7.898799,-42.981453
R1652,9.010759,-43.792112
R1653,8.556383,-44.361362
R1654,9.918514,-44.158870
R1655,9.528264,-44.077919
R1656,9.609310,-43.390536
R1657,9.759898,-43.445046
R1658,7.582005,-43.121452
R1659,7.533728,-43.893057
R1660,9.021484,-43.808725
R1661,8.219198,-44.201347
R1662,8.511499,-44.499567
R1663,7.580322,-43.414337
R1664,8.720183,-43.743578
R1665,8.923409,-43.053273
R1666,8.188057,-43.502468
R1667,9.917266,-43.679907
R1668,7.578219,-44.311969
R1669,9.113884,-43.566954
R1670,8.726044,-43.036242
R1671,7.542808,-44.242343
R1672,7.718839,-43.298363
R1673,8.922423,-43.450583
R1674,8.449546,-44.597919
R1675,8.475377,-43.024520
R1676,9.162830,-43.801740
R1677,8.276739,-44.207525
R1678,7.717780,-44.489472
R1679,8.439879,-44.055741
R1680,9.501569,-44.176080
R1681,9.251619,-43.339931
R1682,9.518005,-43.276388
R1683,9.504676,-44.199911
R1684,9.907351,-43.114553
R1685,8.451947,-43.770043
R1686,9.421607,-44.181544
R1687,9.867362,-43.269704
R1688,9.309358,-43.807403
R1689,8.162055,-43.909837
R1690,9.443444,-43.441775
R1691,9.285199,-44.265492
R1692,9.562366,-43.093378
R1693,9.304368,-44.059201
R1694,9.400969,-44.104191
R1695,7.971956,-43.546251
R1696,9.330109,-43.559490
R1697,8.079485,-43.008731
R1698,7.641631,-43.205334
R1699,8.268951,-43.737535
R1700,9.539481,-43.515699
R1701,7.680903,-43.536799
R1702,9.318747,-42.974938
R1703,9.025987,-42.952443
R1704,9.242904,-44.317378
R1705,9.050725,-44.321833
R1706,8.002828,-43.448043
R1707,8.067547,-43.681365
R1708,9.223109,-44.492569
R1709,8.711359,-44.437402
R1710,8.883355,-43.308185
R1711,9.100174,-43.783175
R1712,8.200003,-44.470225
R1713,8.350264,-43.495070
R1714,9.193581,-44.571158
R1715,9.853284,-44.224100
R1716,9.066492,-43.395092
R1717,7.746299,-43.676832
R1718,9.624780,-43.516823
R1719,8.830756,-43.766552
R1720,8.440925,-43.582642
R1721,8.473356,-44.491347
R1722,9.658928,-44.316755
R1723,7.865732,-43.346755
R1724,8.073593,-44.046845
R1725,7.940476,-43.865515
R1726,9.845296,-43.289809
R1727,8.532154,-43.929640
R1728,8.887394,-43.877962
R1729,7.622480,-42.999559
R1730,7.948723,-44.112675
R1731,9.637033,-43.106211
R1732,9.406118,-43.983303
R1733,8.154361,-43.630393
R1734,9.860676,-44.513507
R1735,8.859926,-42.913397
R1736,9.011931,-43.468262
R1737,8.452431,-43.391559
R1738,9.065919,-42.945703
R1739,9.171190,-43.033783
R1740,8.215533,-42.900460
R1741,8.514203,-43.467240
R1742,9.874472,-44.192547
R1743,8.361978,-43.973415
R1744,8.607980,-43.053032
R1745,9.489679,-43.207480
R1746,8.079470,-43.036958
R1747,7.691197,-43.249307
R1748,8.603387,-43.590909
R1749,8.397048,-43.445763
R1750,9.206461,-43.085533
R1751,7.775353,-43.188899
R1752,8.891054,-44.349610
R1753,8.428328,-44.178982
R1754,8.783961,-43.375779
R1755,8.157728,-43.972085
R1756,8.957205,-44.473431
R1757,9.253395,-44.207007
R1758,8.172311,-44.052210
R1759,7.762503,-43.131695
R1760,8.654281,-43.320294
R1761,9.182159,-43.239148
R1762,9.815693,-44.010667
R1763,9.140176,-44.166420
R1764,9.613023,-44.374144
R1765,9.093956,-43.656895
R1766,9.846400,-43.449276
R1767,7.516906,-44.552927
R1768,9.185650,-44.322547
R1769,9.033493,-43.256838
R1770,9.273682,-43.285290
R1771,9.526936,-43.448930
R1772,8.019984,-43.800250
R1773,9.122509,-43.328917
R1774,8.074484,-43.203821
R1775,8.945126,-43.235571
R1776,9.036465,-43.183529
R1777,9.658188,-43.908758
R1778,9.029030,-44.355579
R1779,8.127151,-43.030892
R1780,8.592533,-43.159136
R1781,8.417706,-44.163453
R1782,9.674504,-44.215172
R1783,9.468263,-43.524635
R1784,7.858885,-43.731331
R1785,8.772246,-43.097671
R1786,7.517733,-43.831265
R1787,9.315773,-44.061378
R1788,9.359753,-44.593083
R1789,9.776853,-44.448860
R1790,8.653969,-42.976430
R1791,8.598459,-42.972794
R1792,8.286653,-44.297526
R1793,7.904597,-42.985057
R1794,9.503420,-43.655920
R1795,9.065234,-44.494263
R1796,8.511125,-44.479265
R1797,8.890883,-43.981848
R1798,8.025827,-43.079247
R1799,9.771592,-43.541614
R1800,7.590105,-44.565667
R1801,8.741988,-44.049679
R1802,9.623321,-43.897573
R1803,8.182077,-43.949506
R1804,8.381247,-43.274357
R1805,8.386377,-43.287286
R1806,9.178436,-43.149470
R1807,8.817679,-44.050096
R1808,9.222893,-42.992418
R1809,9.622985,-43.892128
R1810,9.774182,-44.200169
R1811,8.503696,-44.156278
R1812,8.359010,-44.370163
R1813,8.195768,-44.197314
R1814,9.697921,-43.073310
R1815,8.589508,-44.198926
R1816,7.518977,-42.904193
R1817,7.744203,-43.716572
R1818,9.289964,-44.361956
R1819,7.624421,-43.837064
R1820,9.721137,-43.906323
R1821,8.954541,-44.393282
R1822,9.564534,-44.130492
R1823,8.504048,-43.722727
R1824,9.773039,-43.530861
R1825,9.600826,-43.967831
R1826,9.060502,-43.766591
R1827,9.567926,-44.406207
R1828,9.192590,-43.532929
R1829,8.447271,-44.150325
R1830,8.089749,-44.556405
R1831,8.437632,-43.434689
R1832,8.024297,-44.115122
R1833,8.106606,-43.354652
R1834,9.129675,-44.201093
R1835,8.484743,-43.298509
R1836,8.673601,-44.462000
R1837,9.767054,-43.769260
R1838,7.640243,-44.058260
R1839,8.314976,-43.224330
R1840,8.958675,-44.575239
R1841,9.340369,-44.095815
R1842,8.265245,-43.964793
R1843,7.785380,-44.510689
R1844,9.026384,-44.324984
R1845,7.691974,-44.070073
R1846,9.474868,-44.394386
R1847,8.798634,-44.245663
R1848,9.513318,-43.250823
R1849,7.857942,-43.044422
R1850,8.109222,-43.174749
R1851,8.666242,-44.578468
R1852,8.896131,-43.315715
R1853,9.711640,-43.332511
R1854,7.857021,-43.223269
R1855,9.629198,-43.803358
R1856,7.823450,-42.929416
R1857,9.604472,-43.467105
R1858,9.626709,-43.194794
R1859,8.322301,-44.067370
R1860,8.504014,-43.835851
R1861,7.755235,-44.486260
R1862,9.417171,-44.509132
R1863,9.670719,-43.238620
R1864,8.947728,-43.641408
R1865,9.611621,-44.334849
R1866,7.986024,-43.545406
R1867,7.558220,-43.564878
R1868,7.733787,-43.743344
R1869,9.508442,-43.348854
R1870,8.696787,-43.417759
R1871,7.514333,-44.072768
R1872,9.173596,-43.385117
R1873,9.207752,-44.098761
R1874,8.104327,-43.176919
R1875,8.789359,-43.295182
R1876,9.275334,-43.643902
R1877,9.110044,-44.228110
R1878,8.711467,-42.951192
R1879,8.446688,-43.970706
R1880,9.652901,-43.484208
R1881,9.537066,-43.958133
R1882,8.771630,-43.208263
R1883,7.569205,-44.095789
R1884,7.944485,-43.349865
R1885,7.871430,-43.265656
R1886,9.676838,-43.827269
R1887,8.802814,-44.290953
R1888,9.338254,-44.490788
R1889,8.435908,-43.341962
R1890,8.391083,-44.188807
R1891,9.878610,-43.239135
R1892,9.912818,-44.270565
R1893,8.745579,-44.552940
R1894,9.581187,-44.466583
R1895,9.301025,-43.253314
R1896,8.377915,-43.277903
R1897,8.709070,-43.050260
R1898,9.736554,-43.493061
R1899,9.573260,-43.784654
R1900,8.403544,-43.041577
R1901,7.985721,-43.859708
R1902,9.333176,-43.705260
R1903,8.738783,-43.055397
R1904,9.423388,-43.902676
R1905,8.388463,-43.950628
R1906,8.992151,-44.359475
R1907,9.263333,-43.561348
R1908,7.924456,-43.890002
R1909,7.558390,-43.681501
R1910,8.701364,-44.396267
R1911,8.725268,-43.519211
R1912,7.730484,-42.999173
R1913,8.488278,-42.932286
R1914,7.737107,-43.255485
R1915,8.954823,-44.517729
R1916,9.723868,-44.437451
R1917,9.336729,-43.831699
R1918,9.786270,-44.438069
R1919,9.911978,-43.608653
R1920,7.855385,-43.524570
R1921,9.275335,-43.524059
R1922,8.882339,-43.715605
R1923,7.699867,-43.980708
R1924,9.773992,-43.563900
R1925,9.819563,-44.306197
R1926,8.476217,-44.135811
R1927,9.039053,-42.991632
R1928,7.716918,-43.872187
R1929,9.665043,-43.935601
R1930,9.255216,-44.381054
R1931,9.749025,-43.354704
R1932,9.246615,-44.460283
R1933,8.130292,-44.233234
R1934,7.911846,-44.576516
R1935,9.825714,-43.305462
R1936,8.133722,-43.476355
R1937,9.434416,-43.196713
R1938,8.331584,-43.731372
R1939,8.618147,-44.018148
R1940,9.111765,-43.656197
R1941,7.596410,-43.595135
R1942,9.493775,-43.347868
R1943,7.527530,-43.711949
R1944,9.542333,-43.559115
R1945,9.359286,-42.956944
R1946,8.756550,-44.378598
R1947,7.734988,-44.300488
R1948,8.988160,-43.936550
R1949,9.189401,-43.937950
R1950,8.836173,-44.540345
R1951,9.637611,-43.214262
R1952,9.851488,-43.897521
R1953,7.798146,-44.468192
R1954,7.623288,-43.288106
R1955,9.638170,-43.805370
R1956,8.955124,-44.554294
R1957,9.050259,-43.986130
R1958,8.478050,-44.144690
R1959,9.825128,-43.800075
R1960,9.306995,-43.767082
R1961,9.780996,-43.881632
R1962,9.224648,-43.991699
R1963,9.718880,-43.933876
R1964,8.737909,-43.333387
R1965,9.589770,-44.421326
R1966,9.082421,-44.501721
R1967,8.532624,-43.028518
R1968,8.724550,-44.343091
R1969,8.169038,-43.118513
R1970,9.613834,-43.143029
R1971,8.642664,-44.518266
R1972,7.933369,-43.953022
R1973,9.011552,-43.188403
R1974,7.716337,-42.996023
R1975,8.260696,-44.134312
R1976,8.807706,-44.201895
R1977,9.421282,-43.381016
R1978,8.016029,-42.945152
R1979,8.737583,-43.601035
R1980,9.490206,-43.837011
R1981,9.220473,-44.256326
R1982,8.210385,-43.081057
R1983,9.162527,-43.186330
R1984,8.333227,-44.290660
R1985,8.186579,-43.840467
R1986,7.773217,-43.932239
R1987,9.340038,-43.244437
R1988,7.755601,-43.980168
R1989,7.829084,-43.530970
R1990,8.437687,-43.466593
R1991,7.931191,-43.421861
R1992,8.220815,-43.444727
R1993,8.849363,-43.598638
R1994,7.704282,-44.387508
R1995,9.175552,-43.849893
R1996,9.218939,-44.230925
R1997,9.110420,-43.414873
R1998,9.711280,-43.177797
R1999,7.881819,-43.898262
R2000,9.775988,-43.999412
R2001,7.906233,-43.370016
R2002,7.661124,-43.188962
R2003,9.057198,-43.167474
R2004,7.679731,-43.330951
R2005,9.291425,-43.953773
R2006,7.817372,-43.210979
R2007,9.189574,-42.972988
R2008,9.895044,-44.320716
R2009,8.530155,-44.166069
R2010,9.283302,-44.268845
R2011,8.895838,-43.435042
R2012,9.133751,-44.485238
R2013,9.290767,-43.611054
R2014,7.791247,-42.901264
R2015,8.009542,-43.575518
R2016,7.787016,-43.078471
R2017,8.419159,-43.617944
R2018,9.340862,-43.006571
R2019,8.631636,-43.186416
R2020,7.911401,-43.304469
R2021,9.330614,-44.155637
R2022,7.814224,-44.447580
R2023,8.119499,-42.961148
R2024,7.977456,-43.245073
R2025,7.841238,-43.763872
R2026,9.641859,-43.591312
R2027,8.927081,-43.669627
R2028,8.349161,-44.586550
R2029,8.650955,-43.510105
R2030,7.866929,-43.524863
R2031,9.715519,-44.323703
R2032,8.438339,-43.505987
R2033,7.785030,-43.506393
R2034,7.829690,-44.539458
R2035,8.820520,-43.528349
R2036,8.019877,-44.296602
R2037,7.513524,-44.016730
R2038,7.786947,-44.237822
R2039,7.638450,-43.657813
R2040,9.476414,-44.141505
R2041,9.405193,-43.342200
R2042,7.587713,-43.865738
R2043,7.663114,-43.765446
R2044,8.117266,-44.325776
R2045,8.001749,-43.672591
R2046,7.972898,-43.945993
R2047,7.688036,-43.709158
R2048,9.636013,-43.963749
