R0,51.926011,-28.593440
R1,52.354223,-27.706536
R2,53.754886,-28.263605
R3,52.630544,-28.225470
R4,52.122165,-27.820033
R5,52.571972,-28.220348
R6,52.309647,-27.249985
R7,53.411788,-28.444184
R8,53.143548,-28.757106
R9,54.118437,-28.062205
R10,51.825018,-28.663707
R11,54.047294,-28.757906
R12,53.032123,-28.668184
R13,52.319658,-27.321694
R14,52.006235,-27.861747
R15,53.256660,-27.880118
R16,51.635588,-27.367817
R17,53.513384,-27.275740
R18,51.957708,-28.399497
R19,52.873053,-27.921417
R20,53.608769,-27.445212
R21,54.095992,-28.260763
R22,52.723159,-28.419719
R23,53.375641,-28.277244
R24,52.969320,-28.035851
R25,52.732077,-28.070798
R26,52.182022,-27.618543
R27,53.897821,-28.940541
R28,52.496702,-27.953685
R29,52.752079,-28.746478
R30,53.492699,-28.015438
R31,52.793967,-27.537187
R32,52.114939,-27.760304
R33,52.766028,-28.151056
R34,53.431872,-27.874355
R35,52.127186,-27.252254
R36,53.227723,-27.512637
R37,54.009306,-27.451121
R38,53.809085,-28.682266
R39,52.968612,-27.451456
R40,52.593353,-28.876993
R41,51.910910,-27.930774
R42,52.701197,-27.999604
R43,53.461748,-28.817406
R44,52.500549,-27.895201
R45,53.258440,-27.293774
R46,52.003838,-27.385350
R47,52.853407,-27.566302
R48,51.859632,-27.414346
R49,52.576908,-28.037558
R50,53.945607,-27.810577
R51,53.517636,-28.305214
R52,54.035097,-28.240846
R53,52.313010,-28.281784
R54,53.996735,-28.678755
R55,52.726917,-28.220113
R56,54.016925,-28.571839
R57,53.994555,-28.809752
R58,51.768993,-27.733466
R59,51.844732,-28.844812
R60,53.596701,-27.505919
R61,53.764928,-28.334707
R62,51.780403,-27.808473
R63,54.097734,-28.862215
R64,52.967200,-27.733038
R65,52.517810,-28.383133
R66,51.685215,-27.445750
R67,52.656627,-28.457337
R68,52.210593,-28.211909
R69,52.704275,-28.801154
R70,52.031831,-28.887804
R71,53.001050,-28.399163
R72,53.113407,-28.116685
R73,52.569189,-28.888590
R74,54.044879,-27.270037
R75,53.551755,-28.759551
R76,53.502967,-28.173990
R77,53.187607,-28.694863
R78,53.726508,-27.239130
R79,52.660256,-27.487953
R80,51.745107,-28.085186
R81,54.064977,-27.599008
R82,53.431142,-27.393095
R83,52.603826,-27.551528
R84,53.241138,-28.893939
R85,52.445511,-27.937007
R86,53.003371,-27.487126
R87,52.625939,-27.612556
R88,53.935911,-28.044751
R89,53.439244,-28.543603
R90,52.302614,-27.788167
R91,54.119702,-28.090922
R92,53.537202,-27.309517
R93,52.126657,-28.390496
R94,51.899951,-28.365201
R95,53.207831,-28.604959
R96,53.650314,-27.550334
R97,51.945508,-28.928200
R98,53.849254,-28.477930
R99,52.747631,-28.334551
R100,53.369488,-28.839809
R101,53.461853,-28.121884
R102,53.590989,-28.203175
R103,52.284785,-28.877724
R104,52.779405,-28.572566
R105,52.161405,-28.234927
R106,54.032371,-27.234621
R107,52.391147,-28.539304
R108,52.087116,-28.689344
R109,52.365402,-27.789431
R110,53.016002,-28.258638
R111,52.318345,-28.886961
R112,52.731187,-28.386044
R113,53.444918,-27.352560
R114,52.426565,-27.377767
R115,52.116659,-28.453743
R116,53.191750,-27.411577
R117,51.673323,-28.312850
R118,51.721112,-28.910539
R119,51.796196,-27.527714
R120,51.836092,-27.766425
R121,52.651083,-27.676961
R122,51.734158,-28.296124
R123,53.373821,-28.691813
R124,52.752628,-27.397079
R125,52.270748,-27.367207
R126,52.110335,-28.597137
R127,51.822076,-27.311839
R128,52.226619,-27.520024
R129,53.721560,-28.221704
R130,51.714872,-27.732332
R131,53.607563,-27.330243
R132,52.919168,-27.779678
R133,52.968791,-27.219317
R134,51.810143,-28.540500
R135,53.823860,-28.194450
R136,52.449153,-28.869210
R137,53.745990,-28.080907
R138,53.159848,-27.923007
R139,51.729675,-27.645371
R140,53.533012,-28.498572
R141,52.306175,-27.538494
R142,52.929343,-27.670370
R143,52.888060,-27.330563
R144,53.062450,-27.818422
R145,52.471131,-28.192502
R146,52.632223,-28.918884
R147,52.699391,-27.523869
R148,52.961556,-28.311094
R149,51.714202,-27.841052
R150,52.193828,-28.699045
R151,52.679446,-27.432758
R152,52.835040,-28.826047
R153,52.585182,-28.913449
R154,51.893615,-27.621470
R155,53.351661,-28.657941
R156,54.163117,-28.416803
R157,52.009577,-28.910133
R158,53.188083,-28.699595
R159,53.547837,-27.780024
R160,54.011445,-27.357085
R161,52.462356,-28.358161
R162,52.403974,-27.905866
R163,53.607165,-27.994228
R164,52.278491,-27.985699
R165,52.558170,-28.881214
R166,53.150947,-28.494471
R167,52.923381,-28.196706
R168,52.151656,-27.392228
R169,53.040129,-28.520696
R170,53.402559,-27.645719
R171,52.770495,-28.287729
R172,52.342842,-27.789306
R173,52.073503,-28.045786
R174,52.735073,-28.925458
R175,53.010125,-28.726853
R176,53.701473,-28.731257
R177,52.628974,-28.635620
R178,52.307847,-28.725913
R179,52.118082,-28.283776
R180,51.966420,-27.761845
R181,52.845285,-28.102945
R182,51.918354,-27.890565
R183,53.042005,-27.944050
R184,53.454328,-28.564140
R185,53.070287,-27.979054
R186,52.276916,-27.823376
R187,53.310532,-27.480715
R188,52.945786,-28.516970
R189,52.511073,-28.697917
R190,53.161043,-28.307711
R191,52.895343,-28.596434
R192,53.698662,-28.706438
R193,52.550948,-27.754349
R194,52.028604,-28.709830
R195,53.868348,-28.414117
R196,53.760171,-27.493179
R197,52.589290,-28.676537
R198,52.476742,-28.083276
R199,52.134435,-28.434036
R200,53.336362,-28.445861
R201,53.488929,-28.619442
R202,52.358891,-28.373303
R203,51.883688,-28.181800
R204,52.800308,-28.148402
R205,53.249535,-28.874663
R206,53.234112,-28.391270
R207,53.913077,-27.696370
R208,51.804295,-28.097945
R209,52.885775,-27.252433
R210,53.666275,-28.618942
R211,52.162209,-27.748450
R212,53.459081,-28.735230
R213,52.653924,-27.611488
R214,52.372931,-27.640589
R215,52.384323,-28.867246
R216,52.835181,-28.102862
R217,53.591170,-27.540412
R218,51.888845,-28.389307
R219,53.106696,-27.669844
R220,52.299717,-28.658942
R221,52.268543,-28.289456
R222,52.280625,-27.967214
R223,52.486942,-28.481736
R224,52.083898,-27.756227
R225,53.224146,-28.675475
R226,53.159482,-28.833638
R227,53.903630,-27.229559
R228,52.416131,-27.767332
R229,53.692989,-28.779808
R230,54.084404,-27.332543
R231,51.779729,-27.887211
R232,53.861344,-27.475697
R233,52.878062,-28.384525
R234,52.271376,-28.292274
R235,52.041799,-28.870746
R236,51.800211,-27.310054
R237,52.966381,-28.709814
R238,53.282331,-27.442803
R239,52.962571,-27.265856
R240,52.499443,-27.912683
R241,52.731024,-28.238469
R242,51.801006,-27.271519
R243,52.439781,-28.608844
R244,53.805772,-28.231824
R245,53.455563,-28.740401
R246,53.732549,-27.729928
R247,52.249615,-28.712893
R248,52.213816,-27.958935
R249,52.461625,-28.418772
R250,52.865362,-27.343914
R251,53.689319,-27.500578
R252,52.398359,-27.249647
R253,52.003387,-27.989972
R254,53.210675,-28.783780
R255,54.162117,-27.368344
R256,51.857550,-28.433973
R257,53.666541,-27.556436
R258,51.986346,-28.165080
R259,53.891546,-28.139121
R260,52.617369,-28.770109
R261,52.684885,-27.978822
R262,51.943160,-28.507503
R263,52.440965,-27.622759
R264,51.853267,-27.671503
R265,53.457648,-28.936809
R266,53.816280,-28.274784
R267,53.293424,-27.657544
R268,53.957259,-28.819469
R269,53.042225,-27.474656
R270,52.647250,-28.653194
R271,53.863653,-28.886331
R272,51.724569,-28.427432
R273,52.242301,-27.564605
R274,52.912597,-27.787146
R275,52.430039,-28.049584
R276,52.210793,-28.423810
R277,54.072489,-27.905866
R278,53.265488,-28.838459
R279,53.172111,-28.832721
R280,53.057009,-28.644926
R281,52.084059,-27.960771
R282,53.372804,-28.816876
R283,53.020940,-28.307153
R284,53.930928,-28.801345
R285,51.768198,-28.195723
R286,54.001588,-28.862370
R287,52.586245,-28.532185
R288,53.110629,-28.326757
R289,53.127187,-27.492977
R290,51.708129,-28.839703
R291,52.942802,-27.335188
R292,51.845366,-27.216774
R293,51.722114,-27.228065
R294,52.283842,-28.828224
R295,52.164397,-27.566356
R296,53.759121,-28.120449
R297,52.222675,-28.120246
R298,52.798645,-27.494173
R299,53.404633,-27.386483
R300,53.980732,-28.856893
R301,52.238330,-28.920368
R302,53.862935,-28.784228
R303,53.610044,-27.542955
R304,52.094068,-28.606483
R305,54.062446,-28.936269
R306,54.033642,-27.668963
R307,52.488385,-27.826850
R308,53.776786,-27.773453
R309,52.425499,-28.799348
R310,53.619637,-28.853805
R311,52.485241,-28.464537
R312,52.018418,-28.697565
R313,53.247633,-27.378812
R314,52.069314,-27.332173
R315,53.936271,-27.927880
R316,52.128880,-28.350967
R317,53.585270,-28.843828
R318,52.396708,-28.054453
R319,51.733083,-27.558445
R320,53.289045,-27.347927
R321,53.578119,-27.916382
R322,51.750184,-27.760332
R323,53.444057,-27.807204
R324,53.882638,-27.592510
R325,53.289606,-27.460198
R326,53.766981,-28.562310
R327,52.389100,-27.466056
R328,52.369229,-28.463510
R329,52.256427,-27.228064
R330,53.111685,-28.503291
R331,53.926440,-27.227273
R332,53.908622,-27.231142
R333,53.458931,-28.310070
R334,52.793176,-28.105835
R335,54.102713,-28.775373
R336,52.212123,-27.409630
R337,53.507780,-27.550979
R338,52.111151,-27.960103
R339,53.618653,-28.786016
R340,51.959282,-27.991550
R341,53.901988,-28.055671
R342,51.944881,-28.763584
R343,53.349008,-27.380442
R344,52.295707,-27.835559
R345,54.039140,-28.732805
R346,52.843433,-28.122055
R347,54.119461,-27.233609
R348,52.455617,-27.318431
R349,54.061151,-28.188965
R350,53.855476,-28.173063
R351,52.614944,-28.914044
R352,52.100641,-28.479694
R353,52.177209,-27.924738
R354,52.501697,-28.410376
R355,53.326571,-27.680367
R356,53.229510,-27.234985
R357,54.131643,-28.555901
R358,54.096671,-27.723252
R359,51.986081,-28.062512
R360,51.764182,-28.554874
R361,52.256961,-28.701452
R362,51.832540,-28.346735
R363,51.768687,-28.318453
R364,53.784273,-28.501482
R365,51.643057,-28.351798
R366,53.348208,-28.273046
R367,52.607449,-27.401932
R368,52.427320,-27.423719
R369,53.261998,-28.394436
R370,52.467796,-28.083662
R371,53.209081,-28.890900
R372,52.924121,-28.812000
R373,51.665480,-28.871968
R374,52.685821,-27.503736
R375,52.217331,-27.525357
R376,52.798759,-27.672678
R377,52.708338,-27.958666
R378,52.334805,-28.513266
R379,52.460435,-28.482326
R380,52.828361,-28.802978
R381,52.477300,-28.368666
R382,52.066634,-27.796686
R383,53.036720,-27.843517
R384,53.275973,-28.127497
R385,52.282016,-27.407786
R386,52.543051,-27.504756
R387,52.457854,-28.409699
R388,52.749762,-28.260192
R389,54.045594,-27.218032
R390,52.100730,-28.713179
R391,52.879160,-28.879116
R392,53.157472,-28.931537
R393,53.360987,-28.671859
R394,52.598986,-28.098390
R395,52.670448,-28.856739
R396,52.991704,-28.211673
R397,52.721097,-28.857099
R398,52.848752,-28.421148
R399,53.834541,-28.183679
R400,52.334276,-28.006524
R401,52.893596,-28.555506
R402,53.203236,-27.650274
R403,53.078415,-27.565757
R404,53.270762,-27.882838
R405,53.743582,-27.575173
R406,53.346527,-28.651230
R407,51.901992,-28.141718
R408,52.441283,-27.863884
R409,54.079827,-28.181848
R410,52.652400,-28.101273
R411,52.428871,-27.648209
R412,53.768707,-28.335201
R413,51.782352,-28.339976
R414,53.367153,-27.688180
R415,52.767770,-27.325107
R416,53.570207,-28.597299
R417,53.558468,-27.966484
R418,51.806857,-28.608613
R419,52.376428,-28.411117
R420,53.778783,-27.442048
R421,54.091867,-28.642587
R422,52.193565,-27.589143
R423,52.502151,-28.371897
R424,52.493247,-27.320996
R425,52.899805,-28.340577
R426,53.166162,-28.406434
R427,52.549062,-28.175508
R428,53.279879,-28.503446
R429,52.729988,-28.683716
R430,51.708440,-28.329502
R431,53.467849,-27.488634
R432,52.584874,-28.429369
R433,52.526916,-28.862150
R434,53.303538,-27.507768
R435,52.302673,-28.442562
R436,52.704374,-27.572514
R437,51.635138,-27.923687
R438,53.131997,-28.097177
R439,52.344013,-28.628630
R440,52.873843,-27.507803
R441,51.645085,-28.000113
R442,53.669499,-28.120459
R443,52.363195,-27.414138
R444,51.649884,-28.691217
R445,53.121376,-27.797826
R446,51.624412,-27.503917
R447,53.863774,-28.147585
R448,52.017021,-27.777761
R449,52.692151,-28.251212
R450,52.211000,-28.696115
R451,52.016762,-28.677652
R452,51.721323,-28.490279
R453,52.369922,-27.804028
R454,54.000584,-27.242152
R455,53.965301,-27.226975
R456,53.620957,-27.276789
R457,53.395650,-28.865896
R458,53.121518,-27.282947
R459,52.618703,-28.162850
R460,52.947667,-28.078011
R461,53.563156,-28.396143
R462,53.181288,-28.208740
R463,52.003502,-27.405919
R464,53.156881,-28.147977
R465,51.682612,-28.564170
R466,53.955544,-27.897732
R467,52.618799,-27.996990
R468,52.783442,-28.127406
R469,52.132709,-28.583123
R470,52.823525,-27.614217
R471,53.278928,-27.581586
R472,54.117151,-28.835512
R473,53.786879,-27.740817
R474,52.086474,-27.618969
R475,54.055655,-27.837195
R476,54.060227,-28.059177
R477,53.689641,-28.641313
R478,52.321287,-28.899797
R479,52.035574,-27.493743
R480,52.054112,-28.508422
R481,53.751025,-28.675961
R482,53.788415,-27.833798
R483,52.206624,-27.975064
R484,52.242074,-28.440485
R485,51.768527,-27.882200
R486,53.821983,-28.843523
R487,52.037373,-27.797376
R488,53.029611,-27.461435
R489,53.722244,-27.300863
R490,52.505309,-27.301396
R491,53.365998,-28.524692
R492,52.248313,-28.079769
R493,53.929607,-28.400621
R494,53.423663,-28.286240
R495,51.917632,-27.703134
R496,53.703616,-27.555357
R497,53.005753,-28.611431
R498,52.799410,-27.791628
R499,52.931150,-27.326564
R500,53.811018,-27.674751
R501,52.123625,-27.756975
R502,52.468055,-27.354147
R503,53.446498,-28.356673
R504,53.636950,-28.871385
R505,52.197671,-28.341763
R506,53.970721,-28.120115
R507,52.766868,-28.745409
R508,53.110726,-28.566248
R509,53.170846,-27.970688
R510,53.830977,-27.616005
R511,52.868203,-27.557960
R512,53.251937,-28.152983
R513,52.391430,-27.368063
R514,52.253410,-28.862022
R515,52.136915,-28.169874
R516,51.742662,-28.842449
R517,51.761101,-28.265822
R518,52.368527,-27.841978
R519,52.118024,-27.986893
R520,51.770007,-28.736585
R521,51.797375,-28.407433
R522,52.650306,-28.648972
R523,53.757937,-28.529495
R524,52.146570,-28.705341
R525,52.641948,-27.278334
R526,51.842397,-28.535922
R527,53.726631,-27.766729
R528,51.757880,-28.815340
R529,53.465512,-28.359555
R530,51.772220,-27.338907
R531,52.616927,-28.126005
R532,52.451067,-28.093893
R533,53.602485,-27.353447
R534,51.918167,-27.439316
R535,51.833324,-27.385225
R536,52.106907,-27.943645
R537,51.829194,-28.213033
R538,51.976578,-28.564767
R539,52.145174,-27.475560
R540,52.437331,-28.433374
R541,53.761888,-27.796306
R542,52.063128,-28.182852
R543,52.050644,-27.962877
R544,51.987579,-27.520626
R545,52.200169,-28.366101
R546,52.305636,-28.527696
R547,52.312441,-28.288008
R548,51.665436,-28.870752
R549,52.082421,-27.516375
R550,52.856266,-28.611527
R551,53.874752,-27.337318
R552,52.422811,-27.970080
R553,53.720414,-28.317962
R554,52.410143,-28.500786
R555,52.336984,-27.829681
R556,51.698341,-28.870517
R557,53.275490,-27.224465
R558,52.530524,-28.179199
R559,53.356528,-28.360759
R560,52.309856,-27.834462
R561,54.084357,-27.353040
R562,53.832214,-28.486230
R563,53.735958,-28.091213
R564,52.871549,-28.800381
R565,52.171704,-27.823227
R566,51.961289,-27.596436
R567,53.534141,-27.456564
R568,52.379197,-27.564126
R569,54.053033,-27.738170
R570,53.376950,-28.135060
R571,53.114333,-27.350337
R572,53.576329,-28.178900
R573,51.921624,-27.357748
R574,52.994525,-28.806818
R575,53.814190,-28.448760
R576,53.851085,-28.695537
R577,53.990417,-27.917833
R578,52.665743,-27.849274
R579,52.311383,-27.323514
R580,52.617227,-28.055673
R581,53.078861,-28.206810
R582,51.655793,-28.694207
R583,51.624013,-27.388259
R584,52.325745,-28.595400
R585,52.033762,-27.927054
R586,52.846043,-28.214338
R587,52.667395,-27.715692
R588,53.803014,-28.502903
R589,52.487071,-28.776699
R590,53.487317,-28.393423
R591,53.141490,-27.462688
R592,52.475971,-27.717574
R593,52.994944,-27.962222
R594,51.819101,-27.228625
R595,52.672773,-27.310973
R596,51.624596,-27.429614
R597,53.538718,-28.275206
R598,52.119156,-28.505869
R599,53.227445,-27.832703
R600,52.297360,-27.862968
R601,53.074344,-27.997177
R602,53.071581,-27.743922
R603,53.639334,-28.904496
R604,53.865850,-27.932234
R605,54.049775,-27.742448
R606,53.616288,-28.596843
R607,53.658496,-28.630885
R608,52.266094,-27.790956
R609,52.441162,-28.505261
R610,52.310100,-28.621216
R611,52.527260,-28.069409
R612,52.204260,-27.464739
R613,52.144407,-27.843451
R614,52.137331,-28.174106
R615,52.026566,-27.537389
R616,53.332518,-27.808616
R617,53.388824,-27.863658
R618,53.428838,-28.017352
R619,51.761814,-28.324591
R620,53.567406,-28.877688
R621,54.019594,-28.701135
R622,51.952650,-27.473574
R623,53.410970,-28.058115
R624,52.601591,-28.316972
R625,51.645227,-27.580772
R626,52.951938,-27.793947
R627,52.222199,-28.800038
R628,52.279816,-28.506125
R629,52.514823,-28.154051
R630,51.634829,-28.752362
R631,52.594993,-28.428924
R632,53.815838,-28.318328
R633,51.790383,-28.803505
R634,52.914382,-28.803498
R635,53.624825,-28.709189
R636,52.486049,-28.425981
R637,52.886054,-27.397172
R638,53.702010,-28.873985
R639,52.346195,-27.841763
R640,52.175227,-28.070345
R641,52.053910,-27.557370
R642,52.543155,-28.276455
R643,53.476445,-27.421167
R644,53.317574,-28.167590
R645,51.816238,-27.889862
R646,52.959608,-27.286242
R647,51.987478,-28.477988
R648,52.690357,-28.447969
R649,52.022807,-27.638912
R650,52.334591,-28.551931
R651,52.499507,-28.569546
R652,51.930942,-28.513101
R653,52.783519,-28.808184
R654,53.273287,-28.201070
R655,52.860409,-27.756569
R656,54.164253,-27.943571
R657,53.832811,-27.220932
R658,53.927010,-28.336761
R659,53.420682,-27.849259
R660,53.129435,-28.502338
R661,52.078648,-27.608034
R662,51.969084,-27.804405
R663,54.117861,-28.385289
R664,52.031195,-28.850193
R665,53.950186,-28.308607
R666,53.355372,-27.658899
R667,52.405647,-28.872393
R668,52.093878,-28.193111
R669,52.691967,-28.448113
R670,52.427523,-28.288184
R671,51.635123,-27.254661
R672,54.030861,-27.496790
R673,53.395448,-28.667784
R674,53.720095,-28.016837
R675,54.134900,-28.142866
R676,51.804355,-27.286347
R677,51.764504,-27.828561
R678,53.852617,-28.847857
R679,51.870354,-28.632031
R680,52.622613,-27.351270
R681,52.267908,-27.560577
R682,54.077561,-27.891272
R683,52.500479,-28.797327
R684,53.831632,-28.384592
R685,52.505934,-27.482476
R686,54.125915,-27.712027
R687,51.916999,-28.098210
R688,54.040766,-27.385049
R689,53.510731,-28.813952
R690,52.515259,-28.728790
R691,51.916539,-27.713627
R692,52.387537,-28.275756
R693,52.426406,-27.563732
R694,54.115555,-27.316699
R695,52.675098,-27.806332
R696,52.059388,-28.461136
R697,51.864864,-28.558276
R698,52.068537,-27.794137
R699,53.918997,-28.368985
R700,53.926985,-27.532361
R701,52.030113,-28.049180
R702,52.839243,-28.533878
R703,54.132931,-27.515371
R704,53.301418,-28.254770
R705,54.126718,-27.476444
R706,52.996928,-27.382905
R707,53.064094,-28.112232
R708,52.072221,-27.227133
R709,52.679325,-27.825103
R710,53.629035,-28.908436
R711,52.226350,-27.583959
R712,53.423372,-28.654514
R713,51.868637,-28.745042
R714,52.272214,-28.602323
R715,52.774247,-27.573682
R716,52.616327,-28.769144
R717,52.487834,-27.243015
R718,52.356967,-27.707552
R719,52.783343,-27.962868
R720,53.857417,-28.786973
R721,52.063199,-27.673743
R722,51.848405,-28.713190
R723,53.437564,-28.860807
R724,52.471243,-27.715650
R725,53.664882,-27.978234
R726,53.522600,-28.526366
R727,52.306984,-28.137102
R728,52.723085,-27.938028
R729,52.599829,-27.678949
R730,53.715138,-27.818200
R731,52.441037,-28.704886
R732,53.278717,-27.573823
R733,51.780539,-27.562104
R734,52.831363,-27.559486
R735,52.314237,-28.092993
R736,51.660355,-27.670571
R737,52.887388,-28.345118
R738,52.982857,-28.158627
R739,54.048941,-28.205087
R740,53.148383,-28.635128
R741,54.086074,-28.632148
R742,53.415068,-27.765931
R743,51.644399,-27.229106
R744,53.544659,-28.489186
R745,54.138914,-28.034804
R746,51.731000,-28.050034
R747,54.071520,-28.681657
R748,52.591650,-27.670709
R749,52.288224,-28.722318
R750,52.041021,-27.289203
R751,52.825356,-28.033056
R752,52.016042,-28.909889
R753,52.397866,-28.079195
R754,53.244012,-28.288424
R755,52.437245,-27.720610
R756,51.998680,-28.039807
R757,53.511007,-28.449062
R758,52.309370,-27.371568
R759,53.738966,-27.495492
R760,53.004658,-28.478747
R761,53.226726,-28.339690
R762,53.865445,-28.107768
R763,52.014348,-28.176308
R764,52.364648,-28.383490
R765,52.933106,-27.415610
R766,52.331104,-28.454002
R767,52.436013,-27.588668
R768,53.971526,-28.574197
R769,54.156174,-28.762812
R770,54.085857,-28.326070
R771,54.073456,-28.116758
R772,53.992252,-28.472452
R773,53.723168,-28.095675
R774,52.168960,-27.866971
R775,52.838084,-28.752903
R776,52.535642,-28.600276
R777,53.949929,-28.732614
R778,53.162042,-27.435400
R779,52.935129,-28.152253
R780,53.989195,-27.444405
R781,52.800887,-28.200670
R782,52.131664,-27.591644
R783,53.284074,-27.552308
R784,52.568928,-27.364109
R785,51.723753,-27.690491
R786,53.224619,-27.813863
R787,51.796023,-28.537010
R788,53.652734,-28.063426
R789,52.148813,-27.522225
R790,51.725482,-28.797861
R791,52.708670,-28.180991
R792,51.993716,-28.396585
R793,52.188771,-28.524056
R794,51.630057,-27.290698
R795,53.293737,-28.055127
R796,52.478779,-28.404073
R797,52.467312,-28.120121
R798,52.767546,-27.335749
R799,54.051020,-28.719314
R800,53.264153,-28.582647
R801,51.949224,-27.461474
R802,53.672107,-28.406376
R803,54.098426,-28.351740
R804,53.055189,-27.228966
R805,52.452728,-28.841911
R806,52.389337,-28.820293
R807,51.695326,-28.450802
R808,52.691777,-27.427712
R809,53.947782,-27.624756
R810,54.006159,-28.577837
R811,52.487478,-27.861041
R812,51.788821,-28.104783
R813,53.080105,-28.374484
R814,53.737864,-28.651743
R815,52.982818,-27.540651
R816,53.888635,-27.570385
R817,53.828606,-27.816360
R818,54.002714,-27.489022
R819,53.282695,-28.657241
R820,53.669070,-28.586953
R821,53.410566,-28.630838
R822,53.573406,-28.507261
R823,52.399908,-27.775271
R824,52.834671,-28.692213
R825,54.111338,-28.695109
R826,51.765157,-27.741243
R827,54.010442,-27.914732
R828,52.710749,-28.639950
R829,53.218279,-27.807091
R830,51.666829,-28.539649
R831,53.316648,-28.119323
R832,51.683721,-27.870496
R833,51.679671,-28.099390
R834,51.977762,-28.077272
R835,53.399181,-27.776277
R836,53.501067,-28.541469
R837,52.218392,-28.096069
R838,52.182608,-28.847266
R839,53.863885,-27.496399
R840,52.349146,-28.753494
R841,52.194530,-28.465941
R842,52.714958,-27.419793
R843,51.780769,-27.272310
R844,53.557873,-28.746403
R845,51.905422,-27.926396
R846,51.795882,-28.088280
R847,52.816744,-27.387996
R848,52.193461,-27.517569
R849,52.919018,-27.798260
R850,53.908968,-27.615050
R851,51.946092,-27.958553
R852,53.991925,-27.676136
R853,53.720236,-28.743956
R854,52.328348,-27.623323
R855,52.600391,-28.208496
R856,52.055271,-27.895462
R857,52.730741,-28.797173
R858,52.518261,-28.682776
R859,53.024759,-28.659745
R860,52.856102,-27.321076
R861,52.596914,-27.654020
R862,53.187837,-27.839525
R863,52.848739,-27.486220
R864,52.154703,-28.348733
R865,53.461068,-27.998698
R866,51.903552,-28.845493
R867,52.689531,-27.517667
R868,53.984354,-28.249104
R869,52.696531,-27.290983
R870,53.265632,-27.885709
R871,51.648047,-27.251364
R872,52.114655,-27.426458
R873,52.149797,-28.349514
R874,52.838163,-28.782502
R875,52.041176,-28.925357
R876,52.735565,-27.729114
R877,52.272927,-27.909108
R878,52.372879,-28.640175
R879,52.754327,-28.198588
R880,54.063699,-28.688034
R881,52.873052,-28.008175
R882,53.561037,-28.679340
R883,52.948472,-28.460095
R884,52.651238,-28.311281
R885,53.435088,-27.744189
R886,53.905569,-27.350482
R887,54.076842,-28.532436
R888,53.252108,-27.509508
R889,53.944391,-28.035597
R890,54.027239,-27.474420
R891,53.701547,-27.263168
R892,53.542385,-27.518234
R893,54.053657,-27.382519
R894,53.378160,-28.395216
R895,53.363270,-27.461936
R896,53.858583,-28.910849
R897,51.841209,-27.628535
R898,52.600147,-28.483450
R899,52.336547,-27.486265
R900,51.952780,-27.919482
R901,52.486084,-28.619739
R902,53.384312,-28.589090
R903,52.162434,-27.733168
R904,53.070457,-27.338171
R905,53.425474,-27.455143
R906,52.726871,-28.635843
R907,53.795861,-28.679097
R908,51.828126,-27.591954
R909,52.668666,-28.210138
R910,52.019300,-28.195267
R911,51.883513,-28.503841
R912,53.460747,-28.730627
R913,52.219311,-28.427390
R914,51.697701,-27.831190
R915,53.215269,-27.704556
R916,52.007194,-27.751346
R917,51.830954,-27.799207
R918,52.127015,-27.783910
R919,52.876584,-27.699638
R920,51.723372,-27.348615
R921,53.852943,-28.490158
R922,52.160847,-28.301356
R923,53.930062,-28.176545
R924,52.431633,-27.556597
R925,52.781014,-27.478640
R926,52.752141,-28.608041
R927,54.047217,-27.723478
R928,52.925927,-28.154683
R929,51.735321,-28.342218
R930,53.204723,-28.117806
R931,51.646734,-27.607328
R932,52.686731,-28.399662
R933,51.885397,-27.462534
R934,53.282692,-28.464976
R935,53.642664,-28.574100
R936,53.483497,-27.318492
R937,51.761630,-28.642502
R938,52.604265,-28.244376
R939,52.815734,-28.517633
R940,53.217414,-28.353367
R941,52.084454,-28.116273
R942,51.900368,-28.499420
R943,53.742065,-28.795193
R944,53.295556,-28.011244
R945,52.831606,-27.493446
R946,53.302321,-28.533895
R947,53.428377,-27.368274
R948,52.112323,-28.336373
R949,52.625811,-27.736307
R950,51.790821,-27.219779
R951,51.944506,-28.485417
R952,52.012094,-28.371673
R953,52.211127,-27.922123
R954,53.701603,-27.750467
R955,52.285494,-28.472509
R956,53.885558,-27.217354
R957,52.406543,-28.780622
R958,52.516587,-27.422598
R959,51.677233,-27.334939
R960,53.488207,-27.351276
R961,52.094756,-27.589421
R962,52.968008,-28.847342
R963,51.988080,-28.887853
R964,51.895801,-27.849560
R965,54.137597,-28.013101
R966,53.907330,-28.725206
R967,52.763637,-28.193485
R968,52.468637,-27.588918
R969,52.070463,-28.256590
R970,53.077508,-28.802153
R971,51.866325,-28.523472
R972,53.703139,-27.660375
R973,52.863489,-27.775564
R974,53.946810,-28.824082
R975,53.206816,-28.545316
R976,53.568113,-28.469066
R977,53.919582,-27.223312
R978,52.812190,-28.821568
R979,52.600498,-28.372367
R980,52.875756,-27.553987
R981,52.396709,-28.134457
R982,51.773519,-27.531422
R983,52.171573,-27.954432
R984,52.311417,-27.672724
R985,53.832773,-27.860618
R986,52.763298,-28.398766
R987,53.794898,-28.459490
R988,53.864335,-27.253904
R989,51.903352,-27.760852
R990,53.592792,-28.184476
R991,52.425665,-27.366008
R992,51.672974,-28.048836
R993,52.422515,-28.936395
R994,51.968897,-28.656740
R995,52.727897,-27.499591
R996,53.983860,-27.356589
R997,53.457463,-27.897667
R998,53.471380,-28.164204
R999,53.503246,-28.828502
R1000,52.155363,-27.938375
R1001,53.974320,-28.876215
R1002,52.398291,-28.466890
R1003,51.884306,-27.675671
R1004,52.676360,-28.649847
R1005,54.162051,-28.487784
R1006,53.760535,-27.374867
R1007,53.859246,-27.263959
R1008,53.468167,-28.723117
R1009,52.209644,-28.897290
R1010,53.896213,-28.252878
R1011,52.941852,-28.669057
R1012,52.277184,-27.807667
R1013,52.390253,-28.874006
R1014,53.894767,-28.505181
R1015,52.225906,-27.234723
R1016,53.746192,-27.622675
R1017,52.780935,-28.729420
R1018,52.496967,-27.394010
R1019,51.840678,-27.629306
R1020,52.918346,-28.041749
R1021,53.117843,-27.590378
R1022,52.010959,-27.877115
R1023,53.595499,-27.803879
R1024,53.691530,-28.188227
R1025,53.673723,-28.763159
R1026,53.192544,-28.435577
R1027,51.818117,-28.781506
R1028,51.716193,-28.113484
R1029,53.917076,-28.558605
R1030,53.780487,-28.079285
R1031,53.705229,-28.755636
R1032,53.686462,-27.564181
R1033,52.222071,-28.362960
R1034,53.821412,-27.501032
R1035,52.478980,-27.774020
R1036,52.742984,-27.475329
R1037,54.109561,-27.560794
R1038,51.652741,-28.396650
R1039,53.524286,-28.896128
R1040,53.116362,-28.765498
R1041,53.575268,-28.271550
R1042,52.753714,-28.472282
R1043,52.830168,-27.287466
R1044,52.188821,-27.637060
R1045,52.355910,-27.461334
R1046,53.617095,-27.279750
R1047,52.577020,-28.204792
R1048,52.738777,-28.542266
R1049,52.212178,-28.872572
R1050,51.971746,-28.174832
R1051,53.017434,-27.472574
R1052,53.884850,-27.636374
R1053,52.369347,-28.519437
R1054,52.820018,-28.550918
R1055,52.344927,-28.218474
R1056,52.731973,-27.754007
R1057,53.266305,-27.615216
R1058,51.682083,-27.457750
R1059,53.233995,-28.671552
R1060,52.213187,-27.936922
R1061,52.410097,-28.717565
R1062,51.796670,-28.051243
R1063,53.647781,-27.351746
R1064,51.662184,-27.438845
R1065,53.178718,-27.328721
R1066,53.130968,-27.535101
R1067,53.258535,-28.858742
R1068,52.056956,-28.100439
R1069,51.809439,-28.689424
R1070,51.774221,-28.406053
R1071,52.369412,-27.765363
R1072,53.338579,-28.710102
R1073,51.690322,-28.230264
R1074,51.863777,-28.188535
R1075,51.872479,-27.713441
R1076,53.875331,-28.710630
R1077,53.161211,-28.338460
R1078,51.827346,-28.194801
R1079,51.691850,-28.583447
R1080,52.798852,-28.456261
R1081,51.744812,-28.835500
R1082,53.055633,-27.709305
R1083,51.658491,-27.348807
R1084,53.397468,-28.627757
R1085,53.118110,-28.393237
R1086,52.953009,-28.912454
R1087,53.626418,-28.168919
R1088,51.745177,-27.944642
R1089,51.680386,-28.318896
R1090,52.691181,-28.028375
R1091,52.085560,-28.324288
R1092,54.032010,-28.813075
R1093,53.210312,-27.924479
R1094,53.571854,-28.213918
R1095,53.574791,-28.408063
R1096,54.159015,-28.051138
R1097,52.976566,-27.881800
R1098,53.652818,-28.558495
R1099,52.179845,-27.835491
R1100,53.635668,-28.110661
R1101,52.705878,-27.515279
R1102,52.909065,-27.340094
R1103,53.595605,-28.468195
R1104,53.797791,-28.235976
R1105,52.616777,-27.828989
R1106,52.568410,-28.704369
R1107,53.471381,-27.811711
R1108,52.477132,-28.740158
R1109,53.673929,-27.926838
R1110,52.137966,-28.135935
R1111,52.908003,-28.740204
R1112,51.999872,-28.349528
R1113,52.163931,-27.664242
R1114,51.778216,-27.268203
R1115,51.688036,-28.357011
R1116,53.918018,-27.585654
R1117,52.962109,-28.849202
R1118,52.719656,-28.731740
R1119,52.964663,-28.331488
R1120,53.264554,-28.221299
R1121,51.665007,-28.375740
R1122,53.664150,-28.630310
R1123,53.126133,-28.611587
R1124,53.351422,-27.992174
R1125,53.810977,-27.660473
R1126,53.758366,-27.444431
R1127,53.071589,-27.777210
R1128,52.816409,-28.127630
R1129,52.760293,-27.723780
R1130,52.323322,-28.108147
R1131,53.601208,-28.134515
R1132,51.844557,-28.325679
R1133,53.806957,-27.689398
R1134,52.984369,-28.331704
R1135,52.286453,-28.350282
R1136,53.253888,-27.800241
R1137,53.871713,-28.331122
R1138,53.890026,-28.353816
R1139,51.875228,-28.471395
R1140,52.192197,-27.475820
R1141,53.471305,-27.586423
R1142,53.214906,-27.744567
R1143,53.498437,-28.633290
R1144,53.418965,-28.500336
R1145,54.016345,-28.319561
R1146,53.123096,-27.971936
R1147,52.077293,-27.943256
R1148,53.262210,-28.838162
R1149,52.703750,-28.028018
R1150,53.300843,-27.568759
R1151,53.974701,-28.695186
R1152,51.629065,-27.346133
R1153,53.069641,-28.438304
R1154,53.064442,-28.547485
R1155,52.223773,-27.552696
R1156,52.567718,-27.335109
R1157,54.071341,-27.500353
R1158,52.333795,-27.472986
R1159,52.123887,-27.767271
R1160,52.391437,-28.229161
R1161,53.523683,-27.600767
R1162,53.165559,-28.688915
R1163,53.636049,-28.160881
R1164,52.714795,-27.491201
R1165,52.369013,-27.843628
R1166,52.418931,-27.784815
R1167,51.634517,-27.247952
R1168,52.807778,-27.876141
R1169,53.485774,-28.924819
R1170,52.514563,-28.280725
R1171,51.710488,-28.549708
R1172,52.784353,-28.714749
R1173,52.870535,-27.474338
R1174,53.737194,-27.213565
R1175,53.265957,-28.266591
R1176,52.173732,-27.908853
R1177,53.927226,-27.949411
R1178,53.698122,-28.198676
R1179,52.815495,-27.749351
R1180,52.277360,-27.217496
R1181,54.004486,-28.166319
R1182,53.932360,-28.073424
R1183,51.908996,-28.486240
R1184,52.333840,-28.360306
R1185,53.255915,-28.632974
R1186,53.894132,-28.920633
R1187,52.239871,-27.509025
R1188,53.985034,-28.477996
R1189,53.370304,-27.958791
R1190,54.029690,-28.717612
R1191,54.054006,-28.728561
R1192,51.787455,-27.353797
R1193,53.172169,-27.499720
R1194,51.812009,-28.247242
R1195,54.058497,-28.677570
R1196,51.923552,-28.132192
R1197,54.075087,-27.624323
R1198,51.785644,-28.054908
R1199,51.877961,-27.808131
R1200,52.766855,-28.346625
R1201,51.719244,-27.834702
R1202,52.908564,-27.736312
R1203,53.189136,-28.065283
R1204,53.040534,-27.992338
R1205,52.139282,-27.420882
R1206,53.419881,-27.225522
R1207,53.043944,-27.616922
R1208,53.222434,-27.625093
R1209,53.738002,-27.834962
R1210,52.118614,-27.885296
R1211,52.877152,-28.768270
R1212,52.380221,-28.220332
R1213,52.726658,-28.554450
R1214,54.021930,-28.909456
R1215,51.695595,-28.554651
R1216,51.921849,-27.917909
R1217,51.679735,-28.864198
R1218,53.267970,-27.321014
R1219,51.691858,-28.833867
R1220,53.864325,-27.725744
R1221,51.860073,-28.064692
R1222,53.453666,-28.448445
R1223,53.838254,-28.080619
R1224,53.139598,-28.601557
R1225,52.491301,-28.531666
R1226,53.659768,-28.168435
R1227,53.458185,-28.937840
R1228,51.982864,-28.560994
R1229,52.705564,-27.594814
R1230,53.881646,-27.382805
R1231,53.517927,-27.654854
R1232,52.048018,-27.612889
R1233,51.984876,-28.693085
R1234,52.792562,-27.430954
R1235,52.698212,-28.379872
R1236,53.442056,-27.946753
R1237,54.122340,-27.804113
R1238,53.105803,-27.463396
R1239,52.383486,-27.350188
R1240,53.361193,-27.974811
R1241,52.266405,-28.265015
R1242,53.845386,-27.438719
R1243,52.158986,-28.028445
R1244,52.711007,-27.328821
R1245,54.138311,-27.646268
R1246,53.817985,-28.394476
R1247,52.364792,-27.316625
R1248,53.086897,-27.825265
R1249,51.675470,-28.202369
R1250,53.194682,-28.158384
R1251,52.229893,-28.424108
R1252,53.175933,-27.444051
R1253,52.531235,-27.989140
R1254,52.009867,-28.808621
R1255,53.222216,-28.351284
R1256,52.983117,-27.513271
R1257,54.134183,-27.634973
R1258,53.962605,-27.385513
R1259,53.233257,-27.969139
R1260,52.912405,-27.900725
R1261,52.082669,-28.136515
R1262,53.796838,-28.228476
R1263,51.664900,-28.661800
R1264,53.824106,-28.358365
R1265,53.166730,-28.243475
R1266,52.343433,-28.507056
R1267,52.536763,-27.840584
R1268,52.250479,-28.209271
R1269,52.236189,-27.683241
R1270,52.532736,-27.765698
R1271,52.792885,-28.470874
R1272,53.296489,-27.990002
R1273,53.354406,-28.159397
R1274,53.240023,-27.449115
R1275,54.168770,-27.829548
R1276,51.857340,-28.411769
R1277,53.581369,-27.735622
R1278,54.116506,-27.973852
R1279,52.825963,-27.412873
R1280,52.831120,-28.531824
R1281,53.093438,-27.911784
R1282,53.153774,-27.687320
R1283,52.411797,-28.793029
R1284,53.001786,-27.391026
R1285,52.667873,-27.924340
R1286,53.617607,-27.733239
R1287,53.342019,-27.314459
R1288,51.670052,-28.239869
R1289,51.837152,-28.437174
R1290,52.871824,-27.866712
R1291,52.292686,-28.142621
R1292,53.018609,-27.544319
R1293,53.532320,-28.706122
R1294,51.839274,-28.655619
R1295,52.015940,-28.419116
R1296,54.051378,-28.758415
R1297,53.438778,-27.839294
R1298,53.366200,-27.690449
R1299,52.536477,-27.794516
R1300,51.930459,-28.825031
R1301,53.097454,-28.252784
R1302,54.059341,-27.283533
R1303,51.663453,-28.885736
R1304,53.727607,-27.877029
R1305,52.621826,-28.439090
R1306,53.205916,-28.144402
R1307,54.100833,-28.557722
R1308,51.811612,-27.372678
R1309,52.212461,-28.260297
R1310,51.982644,-27.975452
R1311,52.374573,-27.589004
R1312,51.745431,-27.981481
R1313,52.651654,-27.221483
R1314,52.392673,-28.090325
R1315,52.864260,-27.833098
R1316,52.871643,-28.023291
R1317,52.705088,-27.809657
R1318,53.677169,-27.833176
R1319,54.066488,-28.697531
R1320,52.355581,-27.764588
R1321,52.285511,-28.640200
R1322,52.149447,-27.989984
R1323,53.613414,-28.164622
R1324,52.543321,-28.401920
R1325,51.982542,-28.473682
R1326,51.946924,-27.920014
R1327,53.727677,-27.249116
R1328,53.999438,-28.530905
R1329,52.492321,-27.567974
R1330,53.478182,-28.839129
R1331,52.170943,-27.813592
R1332,52.051890,-28.588141
R1333,52.568940,-28.349076
R1334,51.653456,-28.655136
R1335,53.291207,-28.266301
R1336,52.076387,-27.460366
R1337,51.735707,-28.453521
R1338,51.685891,-28.879044
R1339,51.842565,-27.476584
R1340,51.687431,-28.416530
R1341,51.753874,-27.805396
R1342,53.483820,-28.678592
R1343,53.154209,-28.934875
R1344,52.432300,-27.584733
R1345,52.197096,-27.401712
R1346,53.653965,-28.585564
R1347,53.759451,-27.387367
R1348,53.693343,-28.355826
R1349,53.143183,-27.798810
R1350,53.965976,-28.330019
R1351,53.831825,-28.383189
R1352,53.733871,-28.658095
R1353,52.512741,-28.071790
R1354,53.707276,-27.547591
R1355,53.095872,-28.003845
R1356,52.473248,-27.833294
R1357,51.777065,-28.599078
R1358,51.840749,-27.761042
R1359,53.552978,-27.844791
R1360,52.789056,-28.264711
R1361,52.577715,-27.723635
R1362,53.592194,-27.444433
R1363,53.008946,-27.899342
R1364,52.712202,-28.117593
R1365,52.449997,-27.431077
R1366,51.722874,-27.769873
R1367,52.346968,-28.882190
R1368,52.984644,-27.881741
R1369,52.753256,-28.810768
R1370,51.667444,-28.255679
R1371,52.084896,-27.701718
R1372,53.662136,-28.698649
R1373,53.824975,-28.642238
R1374,53.598085,-28.765352
R1375,52.331446,-28.303883
R1376,53.184628,-27.680613
R1377,53.263883,-28.540035
R1378,54.125297,-28.005993
R1379,52.034987,-28.058804
R1380,51.672504,-28.579223
R1381,52.101190,-27.688462
R1382,53.350569,-27.698375
R1383,51.950965,-28.538499
R1384,52.159114,-27.656922
R1385,52.870166,-27.801784
R1386,53.042384,-27.491364
R1387,54.070446,-28.423229
R1388,52.837057,-27.883508
R1389,53.822659,-28.366564
R1390,53.627945,-27.686654
R1391,53.937984,-28.289121
R1392,51.834162,-27.435662
R1393,52.655244,-27.293452
R1394,53.717919,-27.336644
R1395,52.680520,-27.548941
R1396,53.307926,-28.706577
R1397,53.880480,-28.496662
R1398,51.740163,-28.438939
R1399,53.527508,-28.751117
R1400,53.059995,-28.355614
R1401,52.278564,-28.400200
R1402,53.058282,-28.940002
R1403,53.096399,-27.630857
R1404,52.030344,-28.505369
R1405,52.891940,-27.696772
R1406,53.973242,-28.237445
R1407,53.333416,-28.913983
R1408,53.553256,-28.256202
R1409,53.528357,-28.880126
R1410,53.823567,-28.842317
R1411,53.094726,-28.030018
R1412,52.694229,-28.620228
R1413,52.979489,-27.454868
R1414,51.980075,-27.899360
R1415,53.217954,-28.745968
R1416,52.011190,-28.611527
R1417,52.199224,-27.549259
R1418,52.626104,-28.888079
R1419,53.649992,-27.962003
R1420,52.228527,-28.608327
R1421,53.802289,-28.294529
R1422,52.913609,-27.622606
R1423,53.416850,-28.348533
R1424,54.006337,-28.275921
R1425,53.498879,-28.183108
R1426,53.284830,-28.449472
R1427,52.280642,-27.290698
R1428,52.645776,-27.255609
R1429,52.055206,-27.267180
R1430,52.389709,-28.194980
R1431,53.570911,-28.918696
R1432,53.997830,-28.255272
R1433,52.110253,-27.273507
R1434,54.134019,-27.640737
R1435,52.301796,-28.717483
R1436,53.893881,-27.798874
R1437,53.658114,-27.763066
R1438,52.233048,-28.917707
R1439,52.758496,-27.714833
R1440,52.300532,-28.323021
R1441,53.037471,-28.933387
R1442,51.945337,-28.817849
R1443,52.471283,-27.373427
R1444,52.565607,-28.437548
R1445,52.781493,-28.490699
R1446,53.402767,-28.440398
R1447,52.525653,-28.894212
R1448,53.469811,-27.567692
R1449,52.861734,-28.480325
R1450,53.286521,-28.099673
R1451,52.084683,-27.796142
R1452,52.957366,-28.862543
R1453,52.073976,-27.262311
R1454,53.194823,-28.128938
R1455,53.183129,-27.789477
R1456,51.992557,-28.393028
R1457,52.404074,-28.422198
R1458,52.403968,-27.941013
R1459,52.107830,-27.268846
R1460,53.643279,-27.482319
R1461,53.560311,-28.790848
R1462,52.316712,-27.572058
R1463,51.852609,-28.107934
R1464,53.458570,-27.563870
R1465,54.047912,-27.293572
R1466,53.386025,-28.165242
R1467,52.901294,-28.103723
R1468,53.639375,-27.999478
R1469,52.971151,-27.789510
R1470,53.653600,-28.905814
R1471,52.340009,-28.083790
R1472,53.528816,-28.792894
R1473,53.704229,-27.786620
R1474,51.715545,-27.845246
R1475,52.007935,-28.410844
R1476,53.101743,-28.370303
R1477,51.855253,-27.781360
R1478,54.069213,-28.795972
R1479,52.658835,-27.830816
R1480,51.728735,-27.265786
R1481,52.044246,-27.402958
R1482,52.080953,-27.501838
R1483,52.577394,-28.037505
R1484,53.263100,-27.471024
R1485,52.645026,-27.384214
R1486,54.095169,-28.488417
R1487,53.225051,-27.289453
R1488,52.606913,-28.260863
R1489,52.712035,-28.752807
R1490,52.214979,-27.877277
R1491,53.757568,-28.057725
R1492,52.572134,-28.165239
R1493,54.034456,-28.662121
R1494,53.320506,-28.601829
R1495,53.881330,-28.521915
R1496,54.164787,-28.289327
R1497,53.584851,-28.081503
R1498,51.745061,-28.237437
R1499,51.633154,-27.646416
R1500,54.109498,-28.201672
R1501,53.519529,-28.278598
R1502,53.625767,-28.772891
R1503,53.578316,-28.650905
R1504,53.426018,-27.831711
R1505,51.657146,-27.402419
R1506,52.156585,-27.786248
R1507,53.598520,-27.386579
R1508,52.429952,-28.531526
R1509,53.496292,-27.309791
R1510,52.479125,-27.835615
R1511,52.827440,-28.908931
R1512,53.227135,-28.299225
R1513,52.676812,-28.847871
R1514,52.189322,-27.731707
R1515,53.326206,-27.290301
R1516,53.904861,-27.804411
R1517,53.689130,-27.351922
R1518,52.271439,-28.258194
R1519,51.864787,-28.580301
R1520,52.043737,-28.051575
R1521,51.874433,-28.051448
R1522,52.448744,-28.118604
R1523,52.649332,-28.677741
R1524,53.736745,-27.587840
R1525,51.815534,-28.392362
R1526,54.127787,-28.674243
R1527,51.669612,-27.765674
R1528,53.598513,-27.248903
R1529,52.749058,-27.369406
R1530,52.181122,-27.393466
R1531,53.692092,-28.209754
R1532,51.930614,-27.376990
R1533,53.690830,-28.218223
R1534,52.937915,-28.537774
R1535,52.283776,-27.850330
R1536,53.597383,-28.421453
R1537,51.750786,-28.331129
R1538,53.141000,-28.577819
R1539,52.459963,-27.766021
R1540,53.427421,-27.568910
R1541,53.524377,-28.498532
R1542,52.595701,-27.888555
R1543,51.771639,-27.839515
R1544,51.765954,-27.939557
R1545,53.183215,-27.786641
R1546,52.617806,-28.649758
R1547,53.080239,-27.405624
R1548,52.274959,-27.298648
R1549,53.494831,-28.204113
R1550,53.518462,-27.823140
R1551,53.517155,-28.837017
R1552,53.902820,-27.696193
R1553,52.502180,-27.791554
R1554,53.114460,-27.432985
R1555,53.532729,-27.978716
R1556,51.951040,-28.684828
R1557,52.502181,-28.284128
R1558,52.159094,-28.827745
R1559,53.645172,-28.014788
R1560,53.601415,-27.841740
R1561,51.917410,-27.480559
R1562,53.333422,-28.308347
R1563,51.876218,-28.938481
R1564,53.123667,-27.829895
R1565,52.759766,-28.787522
R1566,52.583483,-28.311288
R1567,52.442902,-27.569399
R1568,53.716854,-27.525214
R1569,51.871826,-28.876517
R1570,53.476975,-28.441125
R1571,53.619376,-28.412941
R1572,52.188912,-28.047834
R1573,52.331651,-28.774449
R1574,52.894889,-28.836991
R1575,52.517963,-27.578793
R1576,53.052543,-28.509556
R1577,52.425363,-27.238464
R1578,52.571506,-27.585178
R1579,53.217325,-27.284430
R1580,53.490901,-28.038864
R1581,52.275805,-27.418128
R1582,52.095509,-27.759271
R1583,53.855476,-27.980491
R1584,52.391165,-28.817417
R1585,53.229916,-27.528958
R1586,51.766275,-28.822882
R1587,53.316286,-27.526311
R1588,53.305684,-28.311902
R1589,52.202830,-27.395131
R1590,52.215258,-28.400613
R1591,52.604197,-28.035494
R1592,53.250260,-28.196533
R1593,51.892543,-27.998126
R1594,52.731052,-28.439952
R1595,51.737785,-27.787282
R1596,53.982231,-28.378257
R1597,52.725136,-28.072118
R1598,52.538468,-28.386478
R1599,53.468723,-28.363140
R1600,53.194744,-27.391580
R1601,51.770864,-27.922972
R1602,51.794613,-27.962113
R1603,53.810654,-27.640190
R1604,53.877320,-27.545565
R1605,51.983410,-28.206152
R1606,52.937720,-28.730438
R1607,52.859417,-28.822752
R1608,53.392987,-28.199899
R1609,51.777464,-28.391934
R1610,52.469544,-27.352351
R1611,52.256570,-28.021741
R1612,51.956977,-28.780691
R1613,53.009534,-27.895989
R1614,51.659669,-27.376169
R1615,52.634605,-27.933405
R1616,53.002430,-28.120259
R1617,51.805150,-28.125475
R1618,52.960063,-27.592260
R1619,52.396436,-28.765362
R1620,53.183623,-28.670515
R1621,52.769530,-28.348179
R1622,53.936433,-28.513718
R1623,51.754960,-28.900138
R1624,53.260143,-28.312849
R1625,52.257267,-28.293566
R1626,52.628061,-27.373626
R1627,52.409590,-27.430079
R1628,52.447324,-27.671704
R1629,54.041671,-28.113157
R1630,51.754402,-27.742523
R1631,53.227017,-27.588696
R1632,53.744219,-28.352403
R1633,52.952354,-27.783527
R1634,51.956272,-27.612317
R1635,53.057907,-28.651255
R1636,53.796738,-28.061486
R1637,53.915988,-27.991323
R1638,53.961977,-27.908359
R1639,53.823991,-27.689793
R1640,52.663561,-28.583243
R1641,52.304390,-27.526117
R1642,51.862274,-28.344355
R1643,53.937375,-28.183350
R1644,51.702237,-27.934828
R1645,53.946443,-27.244172
R1646,52.711459,-28.655995
R1647,52.531353,-28.868437
R1648,51.860660,-28.036231
R1649,53.225740,-28.039518
R1650,52.227853,-28.890557
R1651,52.831775,-28.574325
R1652,53.576509,-27.726986
R1653,53.944617,-27.382411
R1654,52.745466,-27.365898
R1655,52.693721,-28.908932
R1656,51.773949,-28.861422
R1657,53.160792,-27.267797
R1658,53.469005,-28.936292
R1659,52.291565,-28.137803
R1660,51.708886,-27.575313
R1661,51.626476,-28.491140
R1662,53.062502,-28.873167
R1663,52.779194,-27.275695
R1664,52.187935,-28.320757
R1665,51.725965,-28.362829
R1666,52.781838,-28.585286
R1667,53.940406,-28.802100
R1668,52.569054,-27.662878
R1669,54.007796,-28.323783
R1670,53.999730,-28.916746
R1671,53.298771,-28.915772
R1672,51.998238,-27.340789
R1673,52.871840,-27.803214
R1674,53.450194,-27.869594
R1675,52.228964,-28.567479
R1676,53.186854,-27.422716
R1677,52.227431,-27.582894
R1678,52.267292,-28.461862
R1679,52.864369,-27.274491
R1680,53.753810,-28.425957
R1681,52.345725,-28.486592
R1682,53.834032,-28.376788
R1683,53.859123,-27.658363
R1684,53.243273,-27.814728
R1685,53.192089,-27.633633
R1686,53.074841,-27.949457
R1687,53.221275,-27.409247
R1688,52.186636,-27.965092
R1689,51.630617,-27.721127
R1690,52.466664,-28.235761
R1691,51.622478,-28.454706
R1692,53.575911,-28.176675
R1693,52.883245,-28.656031
R1694,52.787716,-27.609194
R1695,52.223929,-28.110279
R1696,51.831164,-27.472770
R1697,53.225409,-28.127982
R1698,53.506426,-28.031288
R1699,52.393342,-27.920558
R1700,54.088813,-27.386297
R1701,53.574069,-27.305812
R1702,53.287751,-28.006001
R1703,52.386198,-28.236163
R1704,52.501584,-28.061530
R1705,53.045705,-27.318642
R1706,54.166244,-28.758295
R1707,53.509508,-28.024277
R1708,53.499387,-28.393554
R1709,52.652081,-28.319994
R1710,52.879754,-27.593373
R1711,51.705707,-28.518145
R1712,52.652450,-28.164093
R1713,52.544488,-27.555639
R1714,52.638250,-28.479357
R1715,52.596899,-27.675753
R1716,53.297555,-28.557554
R1717,52.897765,-28.647826
R1718,52.444581,-27.749077
R1719,53.565656,-28.852249
R1720,52.007091,-27.250558
R1721,52.517449,-28.694314
R1722,53.993804,-28.461772
R1723,53.448305,-28.107649
R1724,52.876742,-27.336826
R1725,53.021724,-28.627151
R1726,52.238656,-28.810563
R1727,52.833665,-28.135652
R1728,51.836855,-27.578700
R1729,53.558816,-27.316546
R1730,54.114173,-27.986954
R1731,52.375093,-28.781721
R1732,52.805337,-28.393912
R1733,52.727016,-27.732774
R1734,53.588281,-27.784688
R1735,52.193123,-27.348276
R1736,52.756348,-27.326098
R1737,54.062645,-27.239541
R1738,52.508623,-27.688334
R1739,51.849889,-27.622853
R1740,53.852072,-27.836076
R1741,53.321314,-27.584024
R1742,52.053428,-27.975677
R1743,53.312068,-27.557529
R1744,54.146727,-28.124383
R1745,53.609890,-27.958139
R1746,52.649304,-27.336039
R1747,53.858749,-27.905304
R1748,53.878246,-27.410001
R1749,53.758179,-27.286497
R1750,51.759446,-27.660725
R1751,52.989666,-28.714004
R1752,53.277781,-27.872340
R1753,53.134209,-28.317287
R1754,52.757977,-28.906259
R1755,51.787913,-27.576048
R1756,51.842762,-28.645573
R1757,53.141243,-28.478959
R1758,52.780201,-27.405873
R1759,53.388691,-27.373794
R1760,52.364938,-28.587102
R1761,52.096826,-27.369807
R1762,54.072499,-27.906723
R1763,54.133213,-28.454555
R1764,53.125580,-28.128295
R1765,52.650142,-27.603721
R1766,54.166106,-28.432813
R1767,54.076642,-27.855747
R1768,51.673212,-28.515454
R1769,53.107944,-27.445050
R1770,52.854636,-28.830560
R1771,53.055297,-27.901188
R1772,53.904396,-28.770755
R1773,52.207457,-27.404749
R1774,53.738181,-28.564311
R1775,51.773605,-27.503513
R1776,53.453210,-27.567669
R1777,52.777047,-27.975639
R1778,52.064123,-28.902239
R1779,52.003175,-28.388801
R1780,54.062391,-28.830073
R1781,52.710168,-28.461651
R1782,53.418274,-28.369987
R1783,53.212960,-27.797312
R1784,53.854386,-27.983248
R1785,53.681743,-27.268753
R1786,52.779795,-28.255076
R1787,52.901330,-28.045307
R1788,53.214587,-28.640355
R1789,53.992499,-27.891959
R1790,51.948648,-28.665679
R1791,52.538983,-27.423858
R1792,53.287860,-27.538316
R1793,52.344789,-28.866387
R1794,53.937971,-27.521902
R1795,51.742629,-27.570577
R1796,53.501181,-27.717084
R1797,54.098419,-27.509479
R1798,52.187200,-27.788894
R1799,53.352798,-28.136377
R1800,52.609299,-28.254993
R1801,53.410886,-28.202596
R1802,53.929188,-28.438448
R1803,52.429457,-28.256372
R1804,51.786909,-27.456705
R1805,53.628600,-28.155391
R1806,52.037573,-28.686955
R1807,54.130247,-27.348685
R1808,53.709487,-27.687661
R1809,51.782810,-27.355350
R1810,51.734083,-28.624158
R1811,52.408277,-28.519196
R1812,52.295752,-28.887090
R1813,52.184909,-28.211268
R1814,54.114811,-28.098726
R1815,52.055929,-28.306422
R1816,52.224678,-28.099181
R1817,52.636881,-27.788537
R1818,53.104384,-27.549104
R1819,51.915510,-28.594921
R1820,52.673811,-28.200637
R1821,51.907523,-27.778202
R1822,53.505150,-28.435143
R1823,54.048502,-28.320574
R1824,53.222543,-28.218332
R1825,53.461321,-28.309583
R1826,54.017623,-28.703951
R1827,53.562661,-27.635229
R1828,52.320539,-28.420106
R1829,53.379936,-28.311403
R1830,53.733477,-28.921358
R1831,52.338548,-28.311978
R1832,51.685940,-28.675903
R1833,53.295008,-28.559851
R1834,52.004234,-28.898794
R1835,53.548642,-28.864116
R1836,53.558651,-28.864649
R1837,52.012573,-27.227080
R1838,51.869138,-27.485125
R1839,51.763013,-27.929666
R1840,51.639150,-27.817290
R1841,52.292740,-27.627991
R1842,53.652143,-27.805159
R1843,52.336528,-28.739289
R1844,53.277787,-28.485895
R1845,53.696366,-27.658593
R1846,52.553468,-28.135045
R1847,51.794263,-28.756314
R1848,52.291516,-28.014254
R1849,53.645435,-27.569688
R1850,52.720098,-28.104125
R1851,53.293449,-28.063359
R1852,52.109608,-27.468536
R1853,52.740035,-28.818043
R1854,52.496972,-28.496776
R1855,53.862896,-28.238448
R1856,53.191192,-27.475907
R1857,53.197704,-28.308469
R1858,52.901028,-27.950965
R1859,53.267977,-27.665677
R1860,54.102164,-28.434326
R1861,52.117878,-27.309579
R1862,53.976378,-28.791939
R1863,52.490752,-28.587701
R1864,52.964007,-28.625153
R1865,51.930007,-28.651184
R1866,51.980337,-28.240665
R1867,53.417600,-27.628179
R1868,53.575144,-27.351800
R1869,53.326706,-28.677500
R1870,54.139929,-28.075693
R1871,52.824338,-27.714881
R1872,52.573377,-28.726145
R1873,53.536263,-28.450123
R1874,52.763659,-28.081589
R1875,51.780120,-27.833731
R1876,53.016551,-27.583969
R1877,53.468253,-28.084011
R1878,53.875454,-28.831927
R1879,52.820077,-28.373325
R1880,52.205865,-28.908365
R1881,52.405216,-27.287765
R1882,52.456642,-28.938227
R1883,53.446062,-27.213433
R1884,53.298931,-28.807816
R1885,54.159125,-27.777866
R1886,52.297978,-27.698840
R1887,53.451858,-27.269062
R1888,54.060551,-28.809173
R1889,53.084553,-28.692653
R1890,53.701802,-28.775309
R1891,52.261514,-28.017569
R1892,52.386383,-28.670577
R1893,52.182110,-28.366878
R1894,52.865910,-28.683856
R1895,54.160653,-27.743729
R1896,52.519830,-27.847237
R1897,53.952405,-28.061877
R1898,52.821549,-28.803760
R1899,53.581107,-27.844671
R1900,52.633707,-27.941887
R1901,54.066745,-27.747412
R1902,53.940022,-27.268902
R1903,52.244898,-28.587882
R1904,52.624555,-28.702971
R1905,52.901604,-28.147436
R1906,53.805475,-28.836101
R1907,52.527813,-27.632335
R1908,52.246013,-27.218061
R1909,53.160144,-28.877178
R1910,51.801594,-27.364631
R1911,53.039537,-27.819139
R1912,52.357481,-28.706767
R1913,51.811218,-27.871535
R1914,52.461800,-27.848509
R1915,53.868075,-27.455003
R1916,53.662436,-27.236092
R1917,52.350408,-28.594748
R1918,53.299656,-27.313921
R1919,51.983524,-28.935523
R1920,53.410803,-27.985309
R1921,51.767072,-27.611046
R1922,51.619892,-28.187649
R1923,54.066615,-27.742779
R1924,53.170802,-27.547667
R1925,52.590475,-27.420766
R1926,52.288586,-27.422296
R1927,53.548199,-28.312739
R1928,53.255384,-27.624714
R1929,51.980250,-27.513039
R1930,51.680253,-28.685208
R1931,52.065739,-28.000240
R1932,52.189505,-28.891750
R1933,52.358110,-28.770581
R1934,54.025101,-27.898848
R1935,53.719703,-27.867741
R1936,53.220237,-28.259156
R1937,51.957578,-28.442748
R1938,51.973531,-28.065177
R1939,52.909843,-28.859469
R1940,52.245566,-28.896205
R1941,53.104539,-28.135338
R1942,53.083610,-27.822550
R1943,52.886606,-27.851611
R1944,54.101228,-27.607267
R1945,52.293168,-27.770682
R1946,53.725484,-28.210830
R1947,52.352238,-27.648674
R1948,53.331430,-27.450577
R1949,54.061116,-27.645043
R1950,53.432928,-27.923219
R1951,53.794934,-27.869636
R1952,53.559944,-27.330955
R1953,52.987361,-27.481392
R1954,53.336150,-28.447822
R1955,53.656887,-27.438080
R1956,52.024680,-27.701501
R1957,53.681468,-28.852533
R1958,52.318553,-28.675097
R1959,53.864006,-27.748452
R1960,52.090484,-27.931596
R1961,53.926325,-27.949575
R1962,54.041486,-28.834916
R1963,53.354340,-27.935494
R1964,52.296162,-28.132129
R1965,53.011004,-28.243254
R1966,53.026496,-28.887011
R1967,52.029660,-28.785543
R1968,52.630345,-28.815371
R1969,52.543962,-27.368297
R1970,52.367999,-27.643409
R1971,52.354961,-27.708781
R1972,52.025043,-27.477515
R1973,52.891684,-27.772443
R1974,52.597726,-28.422108
R1975,53.284898,-27.543335
R1976,52.399397,-28.391188
R1977,53.787707,-28.559547
R1978,54.088463,-28.433213
R1979,53.465823,-27.460138
R1980,52.039574,-28.571050
R1981,53.048857,-27.943367
R1982,54.005972,-28.568994
R1983,52.001727,-27.873698
R1984,53.957808,-28.615640
R1985,52.974796,-27.369618
R1986,51.788656,-27.276213
R1987,52.326450,-27.366272
R1988,53.272977,-27.933034
R1989,51.903101,-27.398391
R1990,52.690065,-28.259250
R1991,51.876512,-28.261885
R1992,54.016339,-27.537671
R1993,51.656313,-27.655064
R1994,53.508712,-27.947909
R1995,51.627574,-27.935279
R1996,52.108129,-27.968286
R1997,51.726920,-28.036107
R1998,53.059716,-28.529707
R1999,52.496995,-28.236629
R2000,53.508545,-27.541406
R2001,53.426372,-28.058667
R2002,52.827987,-27.244954
R2003,53.223412,-27.999183
R2004,54.030055,-28.519379
R2005,53.698429,-27.608851
R2006,53.269766,-27.230211
R2007,51.971260,-27.818395
R2008,53.890965,-28.068509
R2009,52.317071,-27.365506
R2010,51.760947,-27.544738
R2011,52.508581,-28.412684
R2012,52.878247,-27.302080
R2013,52.777944,-27.387703
R2014,53.683785,-27.940707
R2015,52.907498,-28.323363
R2016,52.578857,-27.992594
R2017,53.227254,-28.063229
R2018,53.376913,-27.222742
R2019,52.557495,-28.535472
R2020,53.198004,-28.928103
R2021,53.247147,-27.489021
R2022,51.649597,-28.432770
R2023,52.272306,-28.665786
R2024,54.160217,-28.937713
R2025,51.952257,-27.749098
R2026,53.933361,-27.932499
R2027,52.960394,-28.767799
R2028,52.360842,-27.378535
R2029,51.711865,-28.730105
R2030,52.070890,-27.631217
R2031,53.003701,-28.875966
R2032,52.245594,-27.393203
R2033,53.026464,-28.781057
R2034,54.033237,-28.180228
R2035,53.950255,-28.092204
R2036,52.360599,-27.338749
R2037,53.807591,-28.726987
R2038,53.335025,-27.266928
R2039,52.290908,-28.869179
R2040,51.883642,-27.781478
R2041,53.782907,-28.782975
R2042,53.012602,-27.577700
R2043,53.743391,-28.249951
R2044,51.710310,-27.505471
R2045,51.677541,-27.774409
R2046,51.750721,-27.435401
R2047,53.848054,-27.768321
R2048,53.639868,-27.718646
R2049,52.273929,-28.746219
R2050,52.511411,-28.475016
R2051,52.413674,-28.106440
R2052,53.023227,-28.302819
R2053,51.736696,-28.796091
R2054,53.099181,-28.199590
R2055,52.586426,-27.300284
R2056,52.051728,-28.302595
R2057,51.738972,-27.406034
R2058,52.234109,-28.856444
R2059,54.024976,-27.905169
R2060,54.088452,-28.697851
R2061,52.499363,-27.305235
R2062,53.051758,-27.873342
R2063,53.158722,-27.350188
R2064,52.095592,-27.484802
R2065,52.067323,-27.477409
R2066,53.682004,-28.713868
R2067,53.580515,-28.479100
R2068,53.902798,-28.937805
R2069,53.236037,-28.647278
R2070,52.427386,-28.059376
R2071,53.092025,-28.127445
R2072,52.895754,-27.543819
R2073,53.582072,-27.611073
R2074,52.389666,-27.260100
R2075,53.455722,-27.956093
R2076,52.740131,-27.352056
R2077,52.199015,-27.568689
R2078,53.753269,-28.771541
R2079,53.688334,-28.359356
R2080,52.450618,-28.698814
R2081,51.951167,-28.459589
R2082,52.054245,-27.430378
R2083,52.295675,-28.929321
R2084,52.247378,-28.419454
R2085,53.409006,-27.321115
R2086,53.053422,-27.481143
R2087,53.748409,-27.259902
R2088,51.659321,-28.130510
R2089,52.040485,-27.707974
R2090,54.049745,-28.269709
R2091,51.760848,-27.630160
R2092,53.304734,-27.479982
R2093,51.773586,-27.616687
R2094,52.231531,-27.780496
R2095,52.705416,-27.386934
R2096,53.012557,-28.440033
R2097,54.094765,-28.387688
R2098,52.995121,-27.766124
R2099,52.375589,-27.632275
R2100,51.801756,-28.199740
R2101,52.360531,-27.225587
R2102,54.147963,-27.709085
R2103,52.616051,-28.303702
R2104,53.532441,-28.145311
R2105,52.207294,-28.305509
R2106,53.377376,-28.796376
R2107,51.658246,-28.882706
R2108,51.870437,-28.136127
R2109,53.637976,-27.213342
R2110,51.885262,-28.299414
R2111,52.135587,-27.577862
R2112,52.026003,-27.345685
R2113,52.238379,-27.544530
R2114,53.415138,-28.861642
R2115,53.484760,-28.078220
R2116,51.735826,-28.849256
R2117,53.346083,-28.828268
R2118,52.607023,-28.604751
R2119,51.626985,-28.636603
R2120,52.555281,-27.313043
R2121,53.779462,-27.825330
R2122,53.291847,-28.208234
R2123,53.490172,-27.914404
R2124,53.729895,-28.703205
R2125,51.922142,-28.229129
R2126,54.037673,-28.799239
R2127,52.111873,-28.600316
R2128,53.651397,-27.773497
R2129,53.231423,-28.633073
R2130,51.796715,-28.919679
R2131,53.201953,-27.506685
R2132,53.938469,-28.290532
R2133,52.617971,-28.540776
R2134,51.664479,-27.284784
R2135,52.140937,-28.035104
R2136,51.914110,-28.221281
R2137,52.763475,-28.644746
R2138,52.029838,-28.440424
R2139,53.552878,-27.920821
R2140,53.855514,-28.905775
R2141,51.808118,-28.166533
R2142,53.648894,-27.612368
R2143,53.915063,-27.765987
R2144,52.548514,-28.519988
R2145,53.243763,-27.584527
R2146,53.262899,-28.852377
R2147,51.620947,-28.886329
R2148,52.695793,-28.488000
R2149,51.971285,-28.032761
R2150,53.671724,-28.934872
R2151,53.597185,-28.552098
R2152,52.675279,-27.357869
R2153,53.289165,-28.471273
R2154,53.160137,-27.567878
R2155,54.068541,-27.402699
R2156,51.756218,-28.317952
R2157,53.461525,-27.976700
R2158,51.731830,-28.866640
R2159,52.248279,-28.705258
R2160,53.951570,-28.360276
R2161,53.026958,-27.885862
R2162,53.177285,-28.597693
R2163,53.402308,-28.103151
R2164,52.960174,-27.567986
R2165,53.973309,-28.479456
R2166,51.748023,-27.977993
R2167,51.880164,-27.816792
R2168,53.652787,-28.263720
R2169,52.183149,-27.502933
R2170,51.649916,-28.175622
R2171,52.395150,-28.495778
R2172,53.510357,-27.413324
R2173,53.119641,-27.764986
R2174,51.969099,-27.780562
R2175,52.208381,-27.605359
R2176,54.137584,-28.475421
R2177,53.223315,-27.499302
R2178,53.211199,-27.624495
R2179,53.893704,-27.611186
R2180,51.900433,-28.465423
R2181,52.605309,-28.366055
R2182,52.842313,-27.493037
R2183,53.404408,-27.234433
R2184,54.082990,-28.131444
R2185,53.177623,-27.459496
R2186,53.186919,-27.536518
R2187,53.664593,-27.562883
R2188,53.100981,-27.736117
R2189,53.469821,-27.451701
R2190,53.471785,-28.432987
R2191,53.712943,-27.348163
R2192,53.495014,-27.697629
R2193,52.695398,-27.236567
R2194,53.559570,-28.585142
R2195,53.356235,-28.515265
R2196,51.867674,-27.711400
R2197,52.014306,-28.101357
R2198,52.231208,-28.084170
R2199,51.727276,-27.629463
R2200,52.343642,-28.800748
R2201,53.218078,-27.243807
R2202,53.695568,-28.570818
R2203,52.736186,-27.584721
R2204,53.279976,-27.421658
R2205,52.359722,-28.435479
R2206,52.398175,-28.588939
R2207,52.503301,-28.564557
R2208,52.073656,-27.930968
R2209,52.691757,-28.602852
R2210,53.518181,-28.272418
R2211,53.128601,-27.813095
R2212,52.447012,-27.327362
R2213,52.555213,-28.304023
R2214,53.442535,-28.479318
R2215,52.511218,-28.394986
R2216,52.860053,-28.097415
R2217,52.871345,-28.088920
R2218,53.245035,-27.687186
R2219,51.801714,-28.214637
R2220,53.996316,-27.515920
R2221,53.780429,-28.444376
R2222,52.166137,-27.411648
R2223,53.032151,-27.562914
R2224,52.332714,-28.191570
R2225,54.165363,-27.372098
R2226,52.739359,-27.548216
R2227,52.996231,-28.279396
R2228,52.954842,-27.896567
R2229,53.484004,-28.160178
R2230,51.624754,-28.530339
R2231,52.015495,-27.685653
R2232,52.090904,-28.500434
R2233,52.519150,-28.800193
R2234,52.281645,-27.949529
R2235,51.916032,-27.686896
R2236,52.806541,-27.240821
R2237,52.559168,-28.655205
R2238,52.285505,-28.449155
R2239,51.731698,-28.257442
R2240,53.843316,-28.237910
R2241,52.223709,-28.148281
R2242,51.680915,-28.469427
R2243,52.413348,-28.337930
R2244,52.664806,-28.441654
R2245,54.013103,-27.553771
R2246,52.734184,-28.421540
R2247,54.057720,-27.540544
R2248,51.919060,-27.927871
R2249,52.584542,-28.304005
R2250,51.824836,-28.924790
R2251,52.807170,-27.773288
R2252,53.944874,-28.085872
R2253,52.003286,-28.671852
R2254,53.700265,-27.351053
R2255,53.763198,-28.845912
R2256,54.101322,-28.764189
R2257,51.693372,-28.345328
R2258,54.028212,-28.764696
R2259,54.088209,-28.087050
R2260,53.438391,-28.121548
R2261,52.632739,-27.805197
R2262,51.886392,-27.640486
R2263,52.835091,-28.312847
R2264,53.206476,-28.406848
R2265,53.948493,-27.222903
R2266,53.632854,-28.516263
R2267,53.916547,-27.519786
R2268,53.436071,-28.357110
R2269,52.067887,-27.792342
R2270,51.643263,-27.837651
R2271,53.101788,-28.061724
R2272,53.531172,-27.435158
R2273,54.097853,-28.288756
R2274,52.708303,-28.684812
R2275,53.064120,-27.245806
R2276,53.445943,-28.219194
R2277,53.485687,-28.916615
R2278,52.745948,-27.855685
R2279,52.640091,-27.643185
R2280,52.870940,-28.287560
R2281,53.486752,-28.093130
R2282,52.991127,-28.730403
R2283,53.537681,-28.720968
R2284,51.913569,-27.571180
R2285,53.224799,-28.130039
R2286,51.863150,-27.935606
R2287,53.694996,-28.397047
R2288,52.733718,-28.769814
R2289,53.279175,-28.160784
R2290,54.103480,-28.131324
R2291,52.599277,-28.746953
R2292,52.814161,-28.026131
R2293,52.972064,-28.569156
R2294,52.627722,-27.354307
R2295,52.280460,-28.266948
R2296,52.652870,-28.279262
R2297,53.249028,-28.401723
R2298,51.809831,-27.509303
R2299,53.802284,-28.489670
R2300,51.974514,-27.589612
R2301,52.901944,-27.683673
R2302,52.208920,-28.902574
R2303,51.798050,-27.534724
R2304,52.767337,-28.888121
R2305,53.227761,-27.379876
R2306,53.267322,-28.843804
R2307,51.902749,-28.043062
R2308,53.074412,-27.279988
R2309,53.504276,-27.474424
R2310,54.045180,-28.741442
R2311,52.883018,-27.384401
R2312,53.879534,-28.293880
R2313,52.651882,-27.604865
R2314,53.278202,-27.555409
R2315,53.069089,-28.898861
R2316,53.554913,-27.578739
R2317,52.548273,-28.281141
R2318,51.798491,-28.350962
R2319,52.778210,-28.046127
R2320,51.751977,-27.398194
R2321,53.407288,-28.780043
R2322,51.932435,-28.252750
R2323,53.858641,-28.433504
R2324,53.011719,-27.512002
R2325,52.787356,-27.983466
R2326,51.752649,-28.570792
R2327,53.485220,-28.641491
R2328,52.961363,-28.337113
R2329,51.843093,-27.615712
R2330,52.946147,-28.396689
R2331,52.828803,-27.652495
R2332,52.908105,-27.955787
R2333,53.555572,-28.427892
R2334,51.968986,-28.925938
R2335,53.700115,-27.955968
R2336,52.678325,-28.386241
R2337,53.890581,-28.791861
R2338,53.933234,-28.604059
R2339,52.463126,-28.931433
R2340,53.571446,-27.615572
R2341,53.732788,-28.244011
R2342,52.157412,-27.429648
R2343,52.700750,-28.938983
R2344,52.946898,-27.609627
R2345,52.677214,-28.080417
R2346,52.123579,-28.932134
R2347,53.012371,-27.906568
R2348,52.773808,-28.149969
R2349,53.719199,-28.828707
R2350,51.673626,-27.655658
R2351,51.892454,-27.798048
R2352,52.415100,-27.627940
R2353,52.455778,-28.145680
R2354,54.082891,-27.421746
R2355,52.326285,-28.499683
R2356,53.157145,-27.701729
R2357,53.062198,-28.126186
R2358,53.374922,-28.471653
R2359,53.621742,-28.267115
R2360,53.417411,-27.269834
R2361,52.148497,-28.896181
R2362,53.756709,-27.760977
R2363,53.909426,-28.472581
R2364,54.064278,-27.261458
R2365,53.349734,-27.930668
R2366,52.412273,-28.355924
R2367,52.967823,-27.793229
R2368,53.977373,-27.765217
R2369,53.774293,-27.424406
R2370,52.818613,-27.577578
R2371,53.304462,-28.483729
R2372,52.055666,-27.623157
R2373,52.342989,-28.380771
R2374,52.852941,-27.845197
R2375,51.680189,-28.903142
R2376,54.012295,-28.744219
R2377,53.523124,-28.046693
R2378,52.839839,-28.482680
R2379,54.123461,-28.165514
R2380,52.278594,-27.709763
R2381,53.725514,-27.274698
R2382,54.163233,-27.510607
R2383,52.295744,-27.817858
R2384,52.837613,-27.217159
R2385,52.616330,-27.390077
R2386,53.612005,-28.323283
R2387,52.938538,-27.512148
R2388,53.368766,-27.515109
R2389,51.939338,-27.451367
R2390,52.139215,-27.444873
R2391,53.640146,-27.309681
R2392,53.385530,-28.249156
R2393,53.887470,-28.832974
R2394,53.022043,-27.927276
R2395,52.877866,-28.428039
R2396,53.529073,-28.571347
R2397,52.531475,-28.422931
R2398,52.099622,-28.121696
R2399,53.102903,-28.937669
R2400,53.148233,-27.743294
R2401,53.608287,-28.114763
R2402,52.084044,-28.794379
R2403,53.960936,-28.004950
R2404,52.074872,-27.383581
R2405,54.161313,-28.278602
R2406,53.667466,-28.564722
R2407,53.598286,-28.184695
R2408,52.525763,-27.360768
R2409,52.135864,-27.791395
R2410,52.386827,-27.695319
R2411,52.282954,-28.825097
R2412,53.953392,-28.478290
R2413,52.062121,-28.805544
R2414,53.936130,-28.454219
R2415,54.148475,-27.633376
R2416,53.712023,-27.221242
R2417,52.388349,-28.635754
R2418,51.718675,-28.888259
R2419,53.388731,-27.341928
R2420,52.265161,-28.085794
R2421,53.008673,-28.503416
R2422,54.135133,-28.631787
R2423,53.429766,-27.518311
R2424,52.072197,-28.172219
R2425,53.302523,-28.243245
R2426,52.750062,-27.930488
R2427,53.485726,-28.238480
R2428,52.027417,-28.013331
R2429,51.715525,-27.746368
R2430,52.339928,-27.820889
R2431,52.866582,-27.947429
R2432,51.758009,-27.569854
R2433,52.384244,-28.233754
R2434,52.667727,-27.467838
R2435,53.396563,-28.251238
R2436,51.978693,-28.513364
R2437,52.948274,-28.623134
R2438,52.156397,-28.309973
R2439,51.734172,-27.849728
R2440,51.648372,-27.399002
R2441,52.371609,-27.607521
R2442,51.907312,-27.689026
R2443,52.084547,-27.993246
R2444,53.530180,-28.231954
R2445,53.627761,-28.029828
R2446,52.805445,-27.299400
R2447,51.748833,-27.246674
R2448,52.547783,-28.085411
R2449,52.686402,-28.519325
R2450,53.687045,-27.671417
R2451,52.684781,-27.676314
R2452,53.793960,-28.904925
R2453,52.633905,-27.215989
R2454,52.615970,-27.221850
R2455,53.580288,-28.390063
R2456,52.128781,-28.492584
R2457,52.521588,-28.154981
R2458,53.766680,-27.332555
R2459,52.975962,-27.286968
R2460,52.075889,-27.949914
R2461,52.334068,-27.904587
R2462,52.484735,-27.619261
R2463,53.324664,-28.585894
R2464,52.189181,-27.805082
R2465,53.585785,-28.506955
R2466,53.373545,-27.408102
R2467,53.917251,-27.310376
R2468,53.529857,-28.351344
R2469,54.165818,-27.506090
R2470,53.426640,-28.588959
R2471,53.394675,-27.438188
R2472,53.498857,-27.595741
R2473,52.682122,-28.374032
R2474,52.124803,-27.496873
R2475,53.570708,-27.474695
R2476,53.835905,-27.397028
R2477,52.928656,-28.617648
R2478,52.947499,-27.671543
R2479,53.816655,-27.381720
R2480,52.870625,-27.896485
R2481,52.612783,-27.400081
R2482,51.884446,-27.213252
R2483,53.101300,-28.436921
R2484,53.295138,-28.116960
R2485,53.407500,-27.952956
R2486,53.302149,-27.742778
R2487,53.160857,-28.461425
R2488,53.489683,-28.085747
R2489,52.725075,-27.215956
R2490,53.558014,-28.160722
R2491,52.093720,-28.814201
R2492,52.968538,-27.576442
R2493,53.758074,-27.706426
R2494,53.109718,-28.749204
R2495,52.409427,-28.060984
R2496,52.629807,-27.855230
R2497,52.902327,-27.978684
R2498,53.839953,-28.565957
R2499,52.171704,-27.834686
R2500,53.670310,-27.859374
R2501,51.715942,-27.704050
R2502,53.216046,-28.032115
R2503,51.787599,-27.445463
R2504,53.175775,-28.796071
R2505,52.506186,-27.467844
R2506,51.670736,-28.552333
R2507,52.830562,-27.526173
R2508,53.734258,-27.420362
R2509,53.073105,-28.462731
R2510,53.132188,-28.099280
R2511,52.003386,-27.943963
R2512,52.312934,-28.384022
R2513,53.253943,-27.270034
R2514,52.975489,-27.342456
R2515,53.354107,-27.625446
R2516,52.152779,-27.885068
R2517,53.441816,-28.830318
R2518,53.849664,-28.362254
R2519,52.689777,-28.016605
R2520,54.034310,-28.915483
R2521,53.515640,-28.157145
R2522,52.799386,-27.477162
R2523,52.569907,-27.266083
R2524,53.762322,-27.896786
R2525,53.385005,-27.914955
R2526,52.980832,-28.638697
R2527,53.555591,-28.549287
R2528,53.542160,-27.661975
R2529,52.911753,-27.506633
R2530,52.068509,-28.470123
R2531,53.277092,-28.283507
R2532,53.684498,-27.415679
R2533,51.906764,-28.010142
R2534,52.998294,-27.874003
R2535,54.140083,-28.059158
R2536,53.791709,-27.467797
R2537,52.494626,-27.524679
R2538,52.208457,-27.797882
R2539,53.024726,-28.735708
R2540,52.005536,-28.784775
R2541,52.971871,-28.520412
R2542,52.194321,-28.871288
R2543,52.467235,-28.353504
R2544,51.630995,-27.881652
R2545,53.789007,-27.433201
R2546,52.975858,-28.338435
R2547,52.486534,-27.724524
R2548,52.438407,-28.822532
R2549,52.279149,-27.706898
R2550,52.534181,-27.414814
R2551,53.300928,-27.831376
R2552,53.746831,-27.283139
R2553,54.115787,-28.567226
R2554,53.288819,-28.044509
R2555,52.852917,-28.053468
R2556,53.345560,-27.605088
R2557,53.508327,-28.053942
R2558,53.462025,-27.760027
R2559,53.665131,-27.439270
R2560,52.072288,-28.675471
R2561,53.411195,-27.980282
R2562,53.325892,-28.198061
R2563,53.493450,-27.693219
R2564,53.887997,-27.249488
R2565,54.084912,-28.100027
R2566,51.788077,-28.198685
R2567,53.268593,-28.261910
R2568,54.055466,-28.347836
R2569,52.112312,-27.269084
R2570,53.748781,-27.883875
R2571,51.744022,-27.258899
R2572,52.281890,-27.907251
R2573,52.136835,-28.257647
R2574,53.964241,-28.689815
R2575,54.094408,-28.516209
R2576,53.218385,-28.461228
R2577,52.921658,-28.820242
R2578,53.639635,-27.623294
R2579,53.637178,-28.538656
R2580,53.943767,-28.072032
R2581,52.302309,-28.799221
R2582,54.128919,-28.613265
R2583,53.432504,-27.800868
R2584,53.060422,-28.744444
R2585,52.240669,-27.745753
R2586,53.163601,-27.326558
R2587,53.323361,-27.942931
R2588,53.209723,-28.363463
R2589,52.382245,-27.272930
R2590,52.836713,-27.736059
R2591,53.499883,-27.322305
R2592,52.905662,-28.861222
R2593,52.284739,-28.486649
R2594,52.492169,-27.788625
R2595,52.753468,-28.617432
R2596,52.908613,-28.642466
R2597,52.385782,-27.282500
R2598,52.223662,-28.032332
R2599,52.180142,-28.272526
R2600,52.825062,-27.713514
R2601,53.579536,-27.590524
R2602,53.051849,-28.530535
R2603,52.145887,-28.287603
R2604,51.883819,-28.256114
R2605,52.120571,-27.744731
R2606,53.049331,-27.430673
R2607,54.139789,-28.597020
R2608,53.327000,-27.359119
R2609,52.802004,-27.587444
R2610,52.611256,-28.655072
R2611,52.085361,-27.396430
R2612,52.374851,-28.592835
R2613,53.944341,-28.827191
R2614,51.904770,-28.842755
R2615,53.667825,-28.639430
R2616,52.854653,-27.646833
R2617,51.721242,-27.447920
R2618,51.911137,-28.842310
R2619,52.829213,-27.448055
R2620,52.295978,-27.665363
R2621,53.355349,-27.891118
R2622,52.657164,-28.293054
R2623,51.833540,-28.108122
R2624,53.363783,-27.297670
R2625,51.911486,-28.203501
R2626,53.626190,-28.656112
R2627,51.889260,-28.794756
R2628,52.361403,-28.275043
R2629,51.642155,-28.860504
R2630,52.254327,-27.454095
R2631,52.957508,-27.751216
R2632,52.471090,-28.270749
R2633,53.322784,-27.846304
R2634,53.848926,-27.623227
R2635,52.231135,-28.000392
R2636,53.127322,-28.790396
R2637,52.760138,-27.441445
R2638,51.811577,-28.753495
R2639,52.407840,-27.993028
R2640,52.019411,-28.684411
R2641,51.901606,-27.654231
R2642,53.411312,-28.028422
R2643,52.037432,-27.698478
R2644,53.258358,-28.109729
R2645,52.612901,-27.492098
R2646,53.490599,-28.310970
R2647,53.111992,-27.523271
R2648,52.686359,-28.043607
R2649,53.267115,-27.650054
R2650,52.171836,-28.555775
R2651,51.800214,-28.544402
R2652,53.201081,-27.844926
R2653,53.014766,-27.601519
R2654,52.827224,-28.468788
R2655,52.542128,-28.355289
R2656,53.137476,-27.923778
R2657,53.210597,-28.206988
R2658,52.378902,-28.902051
R2659,52.666094,-28.522331
R2660,51.776430,-28.503305
R2661,53.151229,-28.328375
R2662,51.694867,-28.785137
R2663,53.173083,-27.899292
R2664,52.718760,-27.295686
R2665,52.899251,-27.691867
R2666,53.678251,-27.706136
R2667,51.816035,-28.342520
R2668,52.427308,-28.535396
R2669,51.870357,-28.336087
R2670,52.176139,-28.577907
R2671,52.916319,-27.694512
R2672,52.944319,-27.407192
R2673,52.347111,-28.626884
R2674,52.710008,-28.466350
R2675,52.982766,-28.597239
R2676,51.813693,-27.796354
R2677,53.487799,-28.800225
R2678,51.630613,-27.773950
R2679,52.798697,-27.640117
R2680,53.089272,-27.416779
R2681,52.118794,-28.238526
R2682,52.896562,-28.183981
R2683,54.142366,-28.925276
R2684,52.109883,-28.392921
R2685,52.505010,-27.533282
R2686,52.804356,-28.278925
R2687,53.024879,-28.227090
R2688,51.701203,-28.501332
R2689,53.222630,-28.269769
R2690,52.186570,-28.778853
R2691,53.214477,-28.226882
R2692,51.925221,-28.147692
R2693,52.073888,-28.804453
R2694,52.317382,-27.398878
R2695,53.141603,-28.383726
R2696,54.165736,-27.359100
R2697,52.018532,-28.672309
R2698,54.132412,-27.482155
R2699,52.410973,-28.565739
R2700,52.633917,-28.553828
R2701,54.007234,-28.407381
R2702,53.554458,-28.035499
R2703,52.268528,-28.540975
R2704,54.087239,-28.582965
R2705,53.591247,-28.559295
R2706,53.499308,-28.787188
R2707,51.702550,-28.296478
R2708,52.136718,-28.811355
R2709,53.787064,-27.854174
R2710,53.283649,-27.400501
R2711,53.552836,-27.711376
R2712,52.681981,-28.805510
R2713,53.605863,-28.804108
R2714,53.745357,-28.821202
R2715,52.070065,-28.406026
R2716,53.952028,-27.609726
R2717,53.771835,-27.261063
R2718,53.529348,-28.651596
R2719,53.132089,-28.350243
R2720,53.569849,-27.769042
R2721,52.938600,-28.035009
R2722,53.386813,-27.527443
R2723,53.100900,-27.512639
R2724,52.172351,-28.331231
R2725,54.131385,-27.707173
R2726,53.224077,-27.418407
R2727,52.356374,-27.512140
R2728,52.896913,-27.388289
R2729,52.078477,-27.747359
R2730,53.314866,-27.384806
R2731,51.909059,-27.715435
R2732,53.303874,-28.019019
R2733,52.721237,-27.674480
R2734,53.739211,-27.534604
R2735,53.519715,-28.840379
R2736,52.683417,-27.712854
R2737,52.636015,-27.268608
R2738,53.181225,-27.994287
R2739,51.925985,-27.761784
R2740,53.489466,-27.403849
R2741,52.370371,-28.193357
R2742,53.133790,-27.742280
R2743,51.666513,-28.477452
R2744,53.060832,-27.287850
R2745,52.133815,-27.365060
R2746,52.093550,-27.950574
R2747,53.383257,-27.552174
R2748,53.051757,-27.513693
R2749,52.937118,-28.135748
R2750,53.979234,-27.913082
R2751,53.087664,-28.930919
R2752,51.980110,-28.832483
R2753,53.253584,-27.423381
R2754,53.377208,-28.083847
R2755,52.883872,-27.681180
R2756,53.152029,-27.874957
R2757,52.311033,-28.539890
R2758,53.752612,-28.934349
R2759,54.053790,-27.613248
R2760,53.267707,-27.457322
R2761,53.375337,-27.816035
R2762,52.191311,-28.297442
R2763,53.171899,-27.229122
R2764,54.088861,-28.513291
R2765,52.109513,-28.677330
R2766,53.875375,-27.824570
R2767,53.045902,-28.477731
R2768,52.160267,-27.816890
R2769,53.985878,-27.486100
R2770,53.472185,-27.760534
R2771,53.715593,-28.237782
R2772,53.829484,-28.346611
R2773,51.639324,-28.171037
R2774,53.900295,-28.198995
R2775,51.831731,-28.863008
R2776,53.023676,-27.622747
R2777,53.705349,-28.899509
R2778,52.177731,-28.796098
R2779,51.911897,-27.949399
R2780,52.995628,-27.606028
R2781,53.806764,-28.381623
R2782,52.268482,-28.683878
R2783,52.265969,-28.912701
R2784,53.610060,-27.445571
R2785,53.237227,-27.735735
R2786,52.353988,-27.816390
R2787,52.925985,-28.751171
R2788,53.219974,-27.677122
R2789,52.179664,-27.577867
R2790,52.770267,-28.292930
R2791,52.326647,-28.169474
R2792,52.491357,-27.926359
R2793,52.536507,-28.348940
R2794,51.676374,-28.610135
R2795,52.199911,-27.817138
R2796,51.906903,-28.742719
R2797,53.423425,-27.875316
R2798,52.628994,-28.925554
R2799,53.129559,-28.609416
R2800,53.627747,-27.555376
R2801,53.800706,-28.000609
R2802,52.372198,-27.812004
R2803,52.571619,-28.724220
R2804,52.272193,-27.568834
R2805,52.357554,-28.929348
R2806,53.076908,-28.156862
R2807,52.393883,-27.384996
R2808,53.867382,-27.718384
R2809,53.886478,-28.562294
R2810,53.569734,-27.852262
R2811,51.731527,-27.946168
R2812,53.774493,-27.456404
R2813,53.969690,-27.969544
R2814,52.330780,-28.939778
R2815,51.796842,-27.360945
R2816,51.962813,-28.526127
R2817,52.467627,-27.894335
R2818,53.537327,-28.775898
R2819,52.622568,-27.299734
R2820,51.735620,-28.804328
R2821,53.754492,-28.381870
R2822,52.802809,-27.313495
R2823,52.733948,-27.880548
R2824,53.913563,-27.955944
R2825,53.239805,-27.240349
R2826,52.266719,-27.246189
R2827,54.053142,-28.926811
R2828,51.713223,-27.702536
R2829,52.741132,-27.545084
R2830,52.217544,-28.160388
R2831,52.066292,-28.129708
R2832,52.707082,-28.309706
R2833,52.707419,-28.790137
R2834,53.893126,-27.822526
R2835,53.610446,-28.841215
R2836,51.787520,-28.069924
R2837,51.637616,-28.050944
R2838,52.833936,-28.328742
R2839,53.417962,-27.417240
R2840,53.206798,-27.575978
R2841,52.271983,-27.659322
R2842,52.088188,-27.536415
R2843,53.984031,-28.009118
R2844,52.687933,-28.899502
R2845,53.590641,-27.562158
R2846,53.077002,-28.514650
R2847,54.062262,-28.403417
R2848,54.090631,-28.932872
R2849,53.941980,-28.738373
R2850,53.272245,-28.487398
R2851,51.740658,-28.233749
R2852,53.098545,-28.267237
R2853,54.038549,-28.463406
R2854,53.017627,-28.474841
R2855,51.632410,-27.554589
R2856,53.355672,-28.521534
R2857,52.058281,-27.851126
R2858,53.248095,-27.875130
R2859,52.199838,-27.508547
R2860,52.234786,-28.097311
R2861,54.031469,-28.901350
R2862,53.598496,-27.925924
R2863,52.497554,-28.833046
R2864,54.159977,-28.853160
R2865,54.012150,-28.374889
R2866,53.510129,-28.023709
R2867,53.667214,-27.680343
R2868,52.825162,-27.308139
R2869,53.950846,-27.682467
R2870,52.562686,-27.420037
R2871,52.373987,-27.477755
R2872,53.250281,-28.892182
R2873,53.093553,-28.443103
R2874,52.776190,-27.688405
R2875,52.762044,-28.320483
R2876,53.594278,-27.214281
R2877,51.745522,-28.349030
R2878,52.793094,-28.816093
R2879,53.183144,-28.159457
R2880,52.212294,-28.308038
R2881,53.353110,-28.356453
R2882,52.305924,-28.348740
R2883,51.658632,-27.407702
R2884,52.819142,-27.811972
R2885,51.924335,-28.706380
R2886,53.233142,-27.495459
R2887,53.019899,-28.109081
R2888,53.204649,-27.376380
R2889,52.545720,-27.232405
R2890,52.764775,-28.280777
R2891,52.544159,-27.387969
R2892,53.749657,-27.434442
R2893,52.605712,-28.177954
R2894,54.085639,-28.579237
R2895,54.029537,-28.418403
R2896,51.943444,-28.478348
R2897,53.839152,-28.329626
R2898,52.017101,-28.049899
R2899,53.293534,-28.339597
R2900,53.238687,-27.685598
R2901,51.993744,-28.379738
R2902,53.882266,-27.325844
R2903,52.161085,-28.014958
R2904,51.799298,-27.800595
R2905,53.922611,-28.436759
R2906,52.274177,-27.916130
R2907,51.665161,-28.249496
R2908,52.235577,-27.775886
R2909,52.157433,-28.341998
R2910,53.252738,-27.717185
R2911,52.830993,-27.872308
R2912,53.509542,-27.324023
R2913,53.007455,-28.714326
R2914,51.672223,-28.667058
R2915,53.172607,-27.911089
R2916,51.863378,-28.519112
R2917,52.457305,-28.121285
R2918,52.313483,-28.538406
R2919,52.988335,-27.726815
R2920,53.432777,-28.568869
R2921,54.132867,-28.777864
R2922,52.106335,-28.583692
R2923,51.936034,-27.769094
R2924,53.798229,-28.122919
R2925,53.650431,-28.632059
R2926,52.868023,-28.681222
R2927,53.224483,-27.757099
R2928,52.002253,-28.440701
R2929,53.060879,-27.408154
R2930,54.135841,-28.818114
R2931,52.662635,-28.116005
R2932,51.805434,-27.740490
R2933,53.004529,-27.767043
R2934,52.752835,-27.659599
R2935,51.926128,-27.808867
R2936,52.926742,-28.346164
R2937,52.792009,-27.494338
R2938,53.429049,-27.668804
R2939,52.004742,-27.849735
R2940,52.086062,-28.711189
R2941,52.606297,-28.023953
R2942,53.662475,-27.411449
R2943,52.899478,-27.255925
R2944,53.703770,-28.338671
R2945,51.646036,-28.682065
R2946,52.970209,-27.295351
R2947,53.025206,-27.727659
R2948,53.714908,-27.875218
R2949,52.115249,-28.158665
R2950,51.714647,-28.751998
R2951,53.288458,-28.881038
R2952,52.044738,-27.380357
R2953,53.742496,-28.372514
R2954,53.747382,-28.163382
R2955,53.352709,-27.711166
R2956,53.315464,-28.758225
R2957,53.968518,-27.398734
R2958,54.124539,-28.477969
R2959,52.752333,-27.369615
R2960,52.770854,-27.612636
R2961,52.141623,-27.705770
R2962,53.529298,-28.413346
R2963,52.025504,-28.029492
R2964,53.256123,-28.088855
R2965,51.942108,-28.080554
R2966,52.727110,-28.206562
R2967,53.449341,-28.668629
R2968,53.509044,-28.813663
R2969,51.895841,-27.482706
R2970,52.112934,-28.737742
R2971,53.226198,-28.506678
R2972,53.840378,-27.614884
R2973,52.232391,-28.895147
R2974,52.556597,-27.768278
R2975,53.949186,-28.856001
R2976,53.340891,-28.371179
R2977,52.442644,-28.493666
R2978,52.864326,-28.535505
R2979,52.155727,-28.640216
R2980,54.135977,-28.627638
R2981,52.630774,-28.165333
R2982,53.082959,-28.590702
R2983,53.175053,-28.178392
R2984,53.379326,-28.381967
R2985,52.091886,-27.443511
R2986,52.784610,-28.909892
R2987,53.421490,-27.568561
R2988,53.204089,-28.668708
R2989,53.077824,-28.141840
R2990,53.080911,-28.608393
R2991,52.878664,-28.641607
R2992,53.161447,-28.223485
R2993,54.020229,-28.780893
R2994,52.751975,-27.715596
R2995,53.492215,-27.267254
R2996,52.743176,-27.239025
R2997,52.723160,-27.713619
R2998,53.927894,-27.998274
R2999,53.020983,-27.287493
R3000,53.462760,-27.311918
R3001,53.938804,-27.964640
R3002,51.721169,-27.827407
R3003,53.678658,-27.937043
R3004,51.898670,-27.575829
R3005,52.387087,-27.591954
R3006,53.517248,-28.313546
R3007,53.556562,-27.394163
R3008,52.423870,-27.866114
R3009,53.936139,-27.585044
R3010,53.190421,-28.656695
R3011,53.816133,-28.747730
R3012,53.842384,-27.598357
R3013,52.101649,-27.699004
R3014,51.673267,-28.480561
R3015,53.377537,-27.892476
R3016,52.591792,-28.609229
R3017,53.806373,-27.356022
